#-----------------------------------------------------------
# Vivado v2024.1 (64-bit)
# SW Build 5076996 on Wed May 22 18:36:09 MDT 2024
# IP Build 5075265 on Wed May 22 21:45:21 MDT 2024
# SharedData Build 5076995 on Wed May 22 18:29:18 MDT 2024
# Start of session at: Sun Aug  2 22:10:50 2026
# Process ID: 18939
# Current directory: /home/fabio/AltoNivel/DFS
# Command line: vivado -mode batch -source src/vivado/scripts/build_bitstream.tcl
# Log file: /home/fabio/AltoNivel/DFS/vivado.log
# Journal file: /home/fabio/AltoNivel/DFS/vivado.jou
# Running On        :fabio-HP-Notebook
# Platform          :Ubuntu
# Operating System  :Ubuntu 26.04 LTS
# Processor Detail  :Intel(R) Core(TM) i7-7500U CPU @ 2.70GHz
# CPU Frequency     :2699.997 MHz
# CPU Physical cores:2
# CPU Logical cores :4
# Host memory       :16141 MB
# Swap memory       :4294 MB
# Total Virtual     :20436 MB
# Available Virtual :15619 MB
#-----------------------------------------------------------
source src/vivado/scripts/build_bitstream.tcl
# set script_path [file normalize [info script]]
# set script_dir  [file dirname $script_path]
# set repo_root   [file normalize [file join $script_dir .. .. ..]]
# set project_name "dfs_system"
# set project_dir  [file join $repo_root src vivado $project_name]
# set xpr          [file join $project_dir "$project_name.xpr"]
# if {![file exists $xpr]} {
#     puts stderr "build_bitstream.tcl: no project at $xpr"
#     puts stderr "build_bitstream.tcl: run 'make vivado-bd' first (issue #64)"
#     exit 1
# }
# set target_freq_mhz 200
# open_project $xpr
Scanning sources...
Finished scanning sources
INFO: [IP_Flow 19-234] Refreshing IP repositories
INFO: [IP_Flow 19-1700] Loaded user IP repository '/home/fabio/AltoNivel/DFS/dfs_accel_prj/solution1/impl/ip'.
INFO: [IP_Flow 19-2313] Loaded Vivado IP repository '/tools/Xilinx/Vivado/2024.1/data/ip'.
open_project: Time (s): cpu = 00:00:44 ; elapsed = 00:00:44 . Memory (MB): peak = 1427.262 ; gain = 86.441 ; free physical = 5307 ; free virtual = 14459
# set bd_file [get_files -quiet */system.bd]
# if {$bd_file eq ""} {
#     puts stderr "build_bitstream.tcl: system.bd not found in the project"
#     exit 1
# }
# if {[get_property top [current_fileset]] eq ""} {
#     set wrapper [make_wrapper -files $bd_file -top]
#     add_files -norecurse $wrapper
#     update_compile_order -fileset sources_1
#     set_property top system_wrapper [current_fileset]
#     update_compile_order -fileset sources_1
# }
# open_bd_design /home/fabio/AltoNivel/DFS/src/vivado/dfs_system/dfs_system.srcs/sources_1/bd/system/system.bd
Reading block design file </home/fabio/AltoNivel/DFS/src/vivado/dfs_system/dfs_system.srcs/sources_1/bd/system/system.bd>...
Adding component instance block -- xilinx.com:ip:zynq_ultra_ps_e:3.5 - zynq_ultra_ps_e_0
Adding component instance block -- xilinx.com:ip:proc_sys_reset:5.0 - proc_sys_reset_0
Adding component instance block -- xilinx.com:hls:dfs_accel:1.0 - dfs_accel_0
Adding component instance block -- xilinx.com:ip:smartconnect:1.0 - smartconnect_ctrl
Adding component instance block -- xilinx.com:ip:smartconnect:1.0 - smartconnect_data
Excluding slave segment /zynq_ultra_ps_e_0/SAXIGP2/HP0_DDR_HIGH from address space /dfs_accel_0/Data_m_axi_gmem0.
Excluding slave segment /zynq_ultra_ps_e_0/SAXIGP2/HP0_LPS_OCM from address space /dfs_accel_0/Data_m_axi_gmem0.
Excluding slave segment /zynq_ultra_ps_e_0/SAXIGP2/HP0_DDR_HIGH from address space /dfs_accel_0/Data_m_axi_gmem1.
Excluding slave segment /zynq_ultra_ps_e_0/SAXIGP2/HP0_LPS_OCM from address space /dfs_accel_0/Data_m_axi_gmem1.
Excluding slave segment /zynq_ultra_ps_e_0/SAXIGP2/HP0_DDR_HIGH from address space /dfs_accel_0/Data_m_axi_gmem2.
Excluding slave segment /zynq_ultra_ps_e_0/SAXIGP2/HP0_LPS_OCM from address space /dfs_accel_0/Data_m_axi_gmem2.
Successfully read diagram <system> from block design file </home/fabio/AltoNivel/DFS/src/vivado/dfs_system/dfs_system.srcs/sources_1/bd/system/system.bd>
# set ps [get_bd_cells zynq_ultra_ps_e_0]
# set_property -dict [list CONFIG.PSU__CRL_APB__PL0_REF_CTRL__FREQMHZ [expr {int($target_freq_mhz)}]] $ps
# validate_bd_design
WARNING: [BD 41-1629] Slave segment </zynq_ultra_ps_e_0/SAXIGP2/HP0_DDR_HIGH> is excluded from all addressing paths.
WARNING: [BD 41-1629] Slave segment </zynq_ultra_ps_e_0/SAXIGP2/HP0_LPS_OCM> is excluded from all addressing paths.
Excluding slave segment /zynq_ultra_ps_e_0/SAXIGP2/HP0_DDR_HIGH from address space /dfs_accel_0/Data_m_axi_gmem0.
Excluding slave segment /zynq_ultra_ps_e_0/SAXIGP2/HP0_DDR_HIGH from address space /dfs_accel_0/Data_m_axi_gmem1.
Excluding slave segment /zynq_ultra_ps_e_0/SAXIGP2/HP0_DDR_HIGH from address space /dfs_accel_0/Data_m_axi_gmem2.
Excluding slave segment /zynq_ultra_ps_e_0/SAXIGP2/HP0_LPS_OCM from address space /dfs_accel_0/Data_m_axi_gmem0.
Excluding slave segment /zynq_ultra_ps_e_0/SAXIGP2/HP0_LPS_OCM from address space /dfs_accel_0/Data_m_axi_gmem1.
Excluding slave segment /zynq_ultra_ps_e_0/SAXIGP2/HP0_LPS_OCM from address space /dfs_accel_0/Data_m_axi_gmem2.
Excluding slave segment /zynq_ultra_ps_e_0/SAXIGP2/HP0_DDR_HIGH from address space /dfs_accel_0/Data_m_axi_gmem0.
Excluding slave segment /zynq_ultra_ps_e_0/SAXIGP2/HP0_DDR_HIGH from address space /dfs_accel_0/Data_m_axi_gmem1.
Excluding slave segment /zynq_ultra_ps_e_0/SAXIGP2/HP0_DDR_HIGH from address space /dfs_accel_0/Data_m_axi_gmem2.
Excluding slave segment /zynq_ultra_ps_e_0/SAXIGP2/HP0_LPS_OCM from address space /dfs_accel_0/Data_m_axi_gmem0.
Excluding slave segment /zynq_ultra_ps_e_0/SAXIGP2/HP0_LPS_OCM from address space /dfs_accel_0/Data_m_axi_gmem1.
Excluding slave segment /zynq_ultra_ps_e_0/SAXIGP2/HP0_LPS_OCM from address space /dfs_accel_0/Data_m_axi_gmem2.
INFO: [BD 5-943] Reserving offset range <0x8000_0000 [ 64K ]> from slave interface '/smartconnect_ctrl/S00_AXI' to master interface '/smartconnect_ctrl/M00_AXI'. This will be used by smartconnect on path for routing.
INFO: [xilinx.com:ip:smartconnect:1.0-1] system_smartconnect_ctrl_0: SmartConnect system_smartconnect_ctrl_0 is in Low-Area Mode.
WARNING: [xilinx.com:ip:smartconnect:1.0-1] system_smartconnect_ctrl_0: IP system_smartconnect_ctrl_0 is configured in Low-area mode as all propagated traffic is low-bandwidth (AXI4LITE). SI S00_AXI has property HAS_BURST == 1. WRAP bursts are not supported in Low-area mode and will result in DECERR if received.
WARNING: [xilinx.com:ip:smartconnect:1.0-1] system_smartconnect_ctrl_0: If WRAP transactions are required then turn off Low-area mode using ADVANCED_PROPERTIES. Execute following: set_property CONFIG.ADVANCED_PROPERTIES {__experimental_features__ {disable_low_area_mode 1}} [get_bd_cells /system_smartconnect_ctrl_0]
INFO: [Ipptcl 7-1463] No Compatible Board Interface found. Board Tab not created in customize GUI
INFO: [BD 5-943] Reserving offset range <0x0000_0000 [ 2G ]> from slave interface '/smartconnect_data/S00_AXI' to master interface '/smartconnect_data/M00_AXI'. This will be used by smartconnect on path for routing.
INFO: [BD 5-943] Reserving offset range <0xC000_0000 [ 512M ]> from slave interface '/smartconnect_data/S00_AXI' to master interface '/smartconnect_data/M00_AXI'. This will be used by smartconnect on path for routing.
INFO: [BD 5-943] Reserving offset range <0x0000_0000 [ 2G ]> from slave interface '/smartconnect_data/S01_AXI' to master interface '/smartconnect_data/M00_AXI'. This will be used by smartconnect on path for routing.
INFO: [BD 5-943] Reserving offset range <0xC000_0000 [ 512M ]> from slave interface '/smartconnect_data/S01_AXI' to master interface '/smartconnect_data/M00_AXI'. This will be used by smartconnect on path for routing.
INFO: [BD 5-943] Reserving offset range <0x0000_0000 [ 2G ]> from slave interface '/smartconnect_data/S02_AXI' to master interface '/smartconnect_data/M00_AXI'. This will be used by smartconnect on path for routing.
INFO: [BD 5-943] Reserving offset range <0xC000_0000 [ 512M ]> from slave interface '/smartconnect_data/S02_AXI' to master interface '/smartconnect_data/M00_AXI'. This will be used by smartconnect on path for routing.
INFO: [xilinx.com:ip:smartconnect:1.0-1] system_smartconnect_data_0: SmartConnect system_smartconnect_data_0 is in High-performance Mode.
xit::source_ipfile: Time (s): cpu = 00:00:06 ; elapsed = 00:00:07 . Memory (MB): peak = 1679.234 ; gain = 0.000 ; free physical = 5139 ; free virtual = 14286
Excluding slave segment /zynq_ultra_ps_e_0/SAXIGP2/HP0_DDR_HIGH from address space /dfs_accel_0/Data_m_axi_gmem0.
Excluding slave segment /zynq_ultra_ps_e_0/SAXIGP2/HP0_DDR_HIGH from address space /dfs_accel_0/Data_m_axi_gmem1.
Excluding slave segment /zynq_ultra_ps_e_0/SAXIGP2/HP0_DDR_HIGH from address space /dfs_accel_0/Data_m_axi_gmem2.
Excluding slave segment /zynq_ultra_ps_e_0/SAXIGP2/HP0_LPS_OCM from address space /dfs_accel_0/Data_m_axi_gmem0.
Excluding slave segment /zynq_ultra_ps_e_0/SAXIGP2/HP0_LPS_OCM from address space /dfs_accel_0/Data_m_axi_gmem1.
Excluding slave segment /zynq_ultra_ps_e_0/SAXIGP2/HP0_LPS_OCM from address space /dfs_accel_0/Data_m_axi_gmem2.
WARNING: [BD 41-237] Bus Interface property AWUSER_WIDTH does not match between /zynq_ultra_ps_e_0/S_AXI_HP0_FPD(1) and /smartconnect_data/M00_AXI(0)
WARNING: [BD 41-237] Bus Interface property ARUSER_WIDTH does not match between /zynq_ultra_ps_e_0/S_AXI_HP0_FPD(1) and /smartconnect_data/M00_AXI(0)
validate_bd_design: Time (s): cpu = 00:00:16 ; elapsed = 00:00:17 . Memory (MB): peak = 1702.984 ; gain = 23.750 ; free physical = 5267 ; free virtual = 14404
# save_bd_design
Wrote  : </home/fabio/AltoNivel/DFS/src/vivado/dfs_system/dfs_system.srcs/sources_1/bd/system/system.bd> 
# reset_target all $bd_file
# generate_target all $bd_file
INFO: [BD 41-1662] The design 'system.bd' is already validated. Therefore parameter propagation will not be re-run.
WARNING: [BD 41-2384] Width mismatch when connecting pin: '/smartconnect_data/S00_AXI_arlock'(1) to pin: '/dfs_accel_0/m_axi_gmem0_ARLOCK'(2) - Only lower order bits will be connected.
WARNING: [BD 41-2384] Width mismatch when connecting pin: '/smartconnect_data/S01_AXI_arlock'(1) to pin: '/dfs_accel_0/m_axi_gmem1_ARLOCK'(2) - Only lower order bits will be connected.
WARNING: [BD 41-2384] Width mismatch when connecting pin: '/smartconnect_data/S02_AXI_awlock'(1) to pin: '/dfs_accel_0/m_axi_gmem2_AWLOCK'(2) - Only lower order bits will be connected.
Verilog Output written to : /home/fabio/AltoNivel/DFS/src/vivado/dfs_system/dfs_system.gen/sources_1/bd/system/synth/system.v
WARNING: [BD 41-2384] Width mismatch when connecting pin: '/smartconnect_data/S00_AXI_arlock'(1) to pin: '/dfs_accel_0/m_axi_gmem0_ARLOCK'(2) - Only lower order bits will be connected.
WARNING: [BD 41-2384] Width mismatch when connecting pin: '/smartconnect_data/S01_AXI_arlock'(1) to pin: '/dfs_accel_0/m_axi_gmem1_ARLOCK'(2) - Only lower order bits will be connected.
WARNING: [BD 41-2384] Width mismatch when connecting pin: '/smartconnect_data/S02_AXI_awlock'(1) to pin: '/dfs_accel_0/m_axi_gmem2_AWLOCK'(2) - Only lower order bits will be connected.
Verilog Output written to : /home/fabio/AltoNivel/DFS/src/vivado/dfs_system/dfs_system.gen/sources_1/bd/system/sim/system.v
Verilog Output written to : /home/fabio/AltoNivel/DFS/src/vivado/dfs_system/dfs_system.gen/sources_1/bd/system/hdl/system_wrapper.v
INFO: [xilinx.com:ip:zynq_ultra_ps_e:3.5-0] system_zynq_ultra_ps_e_0_0: 
Changes in your design (including the PCW configuration settings) are not automatically exported from Vivado to Amd's SDK, Petalinux or Yocto.
This is by design to avoid disrupting existing embedded development efforts. To have any changes of your design taking effect in the embedded software flow please export your
design by going through Vivado's main menu, click on File, then Export finally select Export Hardware, please ensure you click on the Include BitStream option.
The auto-generated HDF file is all you need to import in Amd's SDK, Petalinux or Yocto for your changes to be reflected in the Embedded Software Flow.
For more information, please consult PG201, section: Exporting PCW Settings to Embedded Software Flows
INFO: [PSU-0] Address Range of DDR (0x7ff00000 to 0x7fffffff) is reserved by PMU for internal purpose.
INFO: [IP_Flow 19-5611] Unable to find an associated reset port for the interface 'M_AXI_HPM0_LPD'. A default connection has been created.
INFO: [IP_Flow 19-5611] Unable to find an associated reset port for the interface 'S_AXI_HP0_FPD'. A default connection has been created.
INFO: [BD 41-1029] Generation completed for the IP Integrator block zynq_ultra_ps_e_0 .
INFO: [BD 41-1029] Generation completed for the IP Integrator block proc_sys_reset_0 .
INFO: [BD 41-1029] Generation completed for the IP Integrator block dfs_accel_0 .
Exporting to file /home/fabio/AltoNivel/DFS/src/vivado/dfs_system/dfs_system.gen/sources_1/bd/system/ip/system_smartconnect_ctrl_0/bd_0/hw_handoff/system_smartconnect_ctrl_0.hwh
Generated Hardware Definition File /home/fabio/AltoNivel/DFS/src/vivado/dfs_system/dfs_system.gen/sources_1/bd/system/ip/system_smartconnect_ctrl_0/bd_0/synth/system_smartconnect_ctrl_0.hwdef
INFO: [BD 41-1029] Generation completed for the IP Integrator block smartconnect_ctrl .
Exporting to file /home/fabio/AltoNivel/DFS/src/vivado/dfs_system/dfs_system.gen/sources_1/bd/system/ip/system_smartconnect_data_0/bd_0/hw_handoff/system_smartconnect_data_0.hwh
Generated Hardware Definition File /home/fabio/AltoNivel/DFS/src/vivado/dfs_system/dfs_system.gen/sources_1/bd/system/ip/system_smartconnect_data_0/bd_0/synth/system_smartconnect_data_0.hwdef
INFO: [BD 41-1029] Generation completed for the IP Integrator block smartconnect_data .
Exporting to file /home/fabio/AltoNivel/DFS/src/vivado/dfs_system/dfs_system.gen/sources_1/bd/system/hw_handoff/system.hwh
Generated Hardware Definition File /home/fabio/AltoNivel/DFS/src/vivado/dfs_system/dfs_system.gen/sources_1/bd/system/synth/system.hwdef
generate_target: Time (s): cpu = 00:01:06 ; elapsed = 00:01:07 . Memory (MB): peak = 1982.453 ; gain = 279.469 ; free physical = 4922 ; free virtual = 14049
# set actual_freq_mhz [get_property CONFIG.PSU__CRL_APB__PL0_REF_CTRL__FREQMHZ $ps]
# reset_run synth_1
INFO: [Project 1-1161] Replacing file /home/fabio/AltoNivel/DFS/src/vivado/dfs_system/dfs_system.srcs/utils_1/imports/synth_1/system_wrapper.dcp with file /home/fabio/AltoNivel/DFS/src/vivado/dfs_system/dfs_system.runs/synth_1/system_wrapper.dcp
# launch_runs synth_1 -jobs 4
INFO: [IP_Flow 19-6930] IPCACHE: runCacheChecks() number of threads = 8
INFO: [IP_Flow 19-6921] IPCACHE: Adding cache check func to thread queue for IP system_dfs_accel_0_0
INFO: [IP_Flow 19-6921] IPCACHE: Adding cache check func to thread queue for IP system_proc_sys_reset_0_0
INFO: [IP_Flow 19-6921] IPCACHE: Adding cache check func to thread queue for IP system_smartconnect_ctrl_0
INFO: [IP_Flow 19-6921] IPCACHE: Adding cache check func to thread queue for IP system_smartconnect_data_0
INFO: [IP_Flow 19-6921] IPCACHE: Adding cache check func to thread queue for IP system_zynq_ultra_ps_e_0_0
INFO: [IP_Flow 19-8020] IPCACHE: runCacheChecks() calling threadPool finishWork()
INFO: [IP_Flow 19-6924] IPCACHE: Running cache check for IP inst: system_dfs_accel_0_0
INFO: [IP_Flow 19-6922] IPCACHE: Exporting cached entry 870e058389588bc2 to dir: /home/fabio/AltoNivel/DFS/src/vivado/dfs_system/dfs_system.gen/sources_1/bd/system/ip/system_dfs_accel_0_0
INFO: [IP_Flow 19-6928] IPCACHE: copied cached file /home/fabio/AltoNivel/DFS/src/vivado/dfs_system/dfs_system.cache/ip/2024.1/8/7/870e058389588bc2/system_dfs_accel_0_0_stub.v to /home/fabio/AltoNivel/DFS/src/vivado/dfs_system/dfs_system.gen/sources_1/bd/system/ip/system_dfs_accel_0_0/system_dfs_accel_0_0_stub.v.
INFO: [IP_Flow 19-6926] IPCACHE: added file to list for BOM: /home/fabio/AltoNivel/DFS/src/vivado/dfs_system/dfs_system.gen/sources_1/bd/system/ip/system_dfs_accel_0_0/system_dfs_accel_0_0_stub.v
INFO: [IP_Flow 19-6928] IPCACHE: copied cached file /home/fabio/AltoNivel/DFS/src/vivado/dfs_system/dfs_system.cache/ip/2024.1/8/7/870e058389588bc2/system_dfs_accel_0_0_sim_netlist.v to /home/fabio/AltoNivel/DFS/src/vivado/dfs_system/dfs_system.gen/sources_1/bd/system/ip/system_dfs_accel_0_0/system_dfs_accel_0_0_sim_netlist.v.
INFO: [IP_Flow 19-6926] IPCACHE: added file to list for BOM: /home/fabio/AltoNivel/DFS/src/vivado/dfs_system/dfs_system.gen/sources_1/bd/system/ip/system_dfs_accel_0_0/system_dfs_accel_0_0_sim_netlist.v
INFO: [IP_Flow 19-6928] IPCACHE: copied cached file /home/fabio/AltoNivel/DFS/src/vivado/dfs_system/dfs_system.cache/ip/2024.1/8/7/870e058389588bc2/system_dfs_accel_0_0.dcp to /home/fabio/AltoNivel/DFS/src/vivado/dfs_system/dfs_system.gen/sources_1/bd/system/ip/system_dfs_accel_0_0/system_dfs_accel_0_0.dcp.
INFO: [IP_Flow 19-6926] IPCACHE: added file to list for BOM: /home/fabio/AltoNivel/DFS/src/vivado/dfs_system/dfs_system.gen/sources_1/bd/system/ip/system_dfs_accel_0_0/system_dfs_accel_0_0.dcp
INFO: [IP_Flow 19-6928] IPCACHE: copied cached file /home/fabio/AltoNivel/DFS/src/vivado/dfs_system/dfs_system.cache/ip/2024.1/8/7/870e058389588bc2/system_dfs_accel_0_0_sim_netlist.vhdl to /home/fabio/AltoNivel/DFS/src/vivado/dfs_system/dfs_system.gen/sources_1/bd/system/ip/system_dfs_accel_0_0/system_dfs_accel_0_0_sim_netlist.vhdl.
INFO: [IP_Flow 19-6926] IPCACHE: added file to list for BOM: /home/fabio/AltoNivel/DFS/src/vivado/dfs_system/dfs_system.gen/sources_1/bd/system/ip/system_dfs_accel_0_0/system_dfs_accel_0_0_sim_netlist.vhdl
INFO: [IP_Flow 19-6928] IPCACHE: copied cached file /home/fabio/AltoNivel/DFS/src/vivado/dfs_system/dfs_system.cache/ip/2024.1/8/7/870e058389588bc2/system_dfs_accel_0_0_stub.vhdl to /home/fabio/AltoNivel/DFS/src/vivado/dfs_system/dfs_system.gen/sources_1/bd/system/ip/system_dfs_accel_0_0/system_dfs_accel_0_0_stub.vhdl.
INFO: [IP_Flow 19-6926] IPCACHE: added file to list for BOM: /home/fabio/AltoNivel/DFS/src/vivado/dfs_system/dfs_system.gen/sources_1/bd/system/ip/system_dfs_accel_0_0/system_dfs_accel_0_0_stub.vhdl
INFO: [IP_Flow 19-4993] Using cached IP synthesis design for IP system_dfs_accel_0_0, cache-ID = 870e058389588bc2; cache size = 67.804 MB.
INFO: [IP_Flow 19-6924] IPCACHE: Running cache check for IP inst: system_proc_sys_reset_0_0
INFO: [IP_Flow 19-6922] IPCACHE: Exporting cached entry 074172c9ef5e34f3 to dir: /home/fabio/AltoNivel/DFS/src/vivado/dfs_system/dfs_system.gen/sources_1/bd/system/ip/system_proc_sys_reset_0_0
INFO: [IP_Flow 19-6928] IPCACHE: copied cached file /home/fabio/AltoNivel/DFS/src/vivado/dfs_system/dfs_system.cache/ip/2024.1/0/7/074172c9ef5e34f3/system_proc_sys_reset_0_0_sim_netlist.v to /home/fabio/AltoNivel/DFS/src/vivado/dfs_system/dfs_system.gen/sources_1/bd/system/ip/system_proc_sys_reset_0_0/system_proc_sys_reset_0_0_sim_netlist.v.
INFO: [IP_Flow 19-6926] IPCACHE: added file to list for BOM: /home/fabio/AltoNivel/DFS/src/vivado/dfs_system/dfs_system.gen/sources_1/bd/system/ip/system_proc_sys_reset_0_0/system_proc_sys_reset_0_0_sim_netlist.v
INFO: [IP_Flow 19-6928] IPCACHE: copied cached file /home/fabio/AltoNivel/DFS/src/vivado/dfs_system/dfs_system.cache/ip/2024.1/0/7/074172c9ef5e34f3/system_proc_sys_reset_0_0.dcp to /home/fabio/AltoNivel/DFS/src/vivado/dfs_system/dfs_system.gen/sources_1/bd/system/ip/system_proc_sys_reset_0_0/system_proc_sys_reset_0_0.dcp.
INFO: [IP_Flow 19-6926] IPCACHE: added file to list for BOM: /home/fabio/AltoNivel/DFS/src/vivado/dfs_system/dfs_system.gen/sources_1/bd/system/ip/system_proc_sys_reset_0_0/system_proc_sys_reset_0_0.dcp
INFO: [IP_Flow 19-6928] IPCACHE: copied cached file /home/fabio/AltoNivel/DFS/src/vivado/dfs_system/dfs_system.cache/ip/2024.1/0/7/074172c9ef5e34f3/system_proc_sys_reset_0_0_stub.v to /home/fabio/AltoNivel/DFS/src/vivado/dfs_system/dfs_system.gen/sources_1/bd/system/ip/system_proc_sys_reset_0_0/system_proc_sys_reset_0_0_stub.v.
INFO: [IP_Flow 19-6926] IPCACHE: added file to list for BOM: /home/fabio/AltoNivel/DFS/src/vivado/dfs_system/dfs_system.gen/sources_1/bd/system/ip/system_proc_sys_reset_0_0/system_proc_sys_reset_0_0_stub.v
INFO: [IP_Flow 19-6928] IPCACHE: copied cached file /home/fabio/AltoNivel/DFS/src/vivado/dfs_system/dfs_system.cache/ip/2024.1/0/7/074172c9ef5e34f3/system_proc_sys_reset_0_0_sim_netlist.vhdl to /home/fabio/AltoNivel/DFS/src/vivado/dfs_system/dfs_system.gen/sources_1/bd/system/ip/system_proc_sys_reset_0_0/system_proc_sys_reset_0_0_sim_netlist.vhdl.
INFO: [IP_Flow 19-6926] IPCACHE: added file to list for BOM: /home/fabio/AltoNivel/DFS/src/vivado/dfs_system/dfs_system.gen/sources_1/bd/system/ip/system_proc_sys_reset_0_0/system_proc_sys_reset_0_0_sim_netlist.vhdl
INFO: [IP_Flow 19-6928] IPCACHE: copied cached file /home/fabio/AltoNivel/DFS/src/vivado/dfs_system/dfs_system.cache/ip/2024.1/0/7/074172c9ef5e34f3/system_proc_sys_reset_0_0_stub.vhdl to /home/fabio/AltoNivel/DFS/src/vivado/dfs_system/dfs_system.gen/sources_1/bd/system/ip/system_proc_sys_reset_0_0/system_proc_sys_reset_0_0_stub.vhdl.
INFO: [IP_Flow 19-6926] IPCACHE: added file to list for BOM: /home/fabio/AltoNivel/DFS/src/vivado/dfs_system/dfs_system.gen/sources_1/bd/system/ip/system_proc_sys_reset_0_0/system_proc_sys_reset_0_0_stub.vhdl
INFO: [IP_Flow 19-4993] Using cached IP synthesis design for IP system_proc_sys_reset_0_0, cache-ID = 074172c9ef5e34f3; cache size = 67.804 MB.
INFO: [IP_Flow 19-6924] IPCACHE: Running cache check for IP inst: system_smartconnect_ctrl_0
INFO: [IP_Flow 19-6922] IPCACHE: Exporting cached entry bb1aa94f54425d85 to dir: /home/fabio/AltoNivel/DFS/src/vivado/dfs_system/dfs_system.gen/sources_1/bd/system/ip/system_smartconnect_ctrl_0
INFO: [IP_Flow 19-6928] IPCACHE: copied cached file /home/fabio/AltoNivel/DFS/src/vivado/dfs_system/dfs_system.cache/ip/2024.1/b/b/bb1aa94f54425d85/system_smartconnect_ctrl_0_stub.vhdl to /home/fabio/AltoNivel/DFS/src/vivado/dfs_system/dfs_system.gen/sources_1/bd/system/ip/system_smartconnect_ctrl_0/system_smartconnect_ctrl_0_stub.vhdl.
INFO: [IP_Flow 19-6926] IPCACHE: added file to list for BOM: /home/fabio/AltoNivel/DFS/src/vivado/dfs_system/dfs_system.gen/sources_1/bd/system/ip/system_smartconnect_ctrl_0/system_smartconnect_ctrl_0_stub.vhdl
INFO: [IP_Flow 19-6928] IPCACHE: copied cached file /home/fabio/AltoNivel/DFS/src/vivado/dfs_system/dfs_system.cache/ip/2024.1/b/b/bb1aa94f54425d85/system_smartconnect_ctrl_0_sim_netlist.v to /home/fabio/AltoNivel/DFS/src/vivado/dfs_system/dfs_system.gen/sources_1/bd/system/ip/system_smartconnect_ctrl_0/system_smartconnect_ctrl_0_sim_netlist.v.
INFO: [IP_Flow 19-6926] IPCACHE: added file to list for BOM: /home/fabio/AltoNivel/DFS/src/vivado/dfs_system/dfs_system.gen/sources_1/bd/system/ip/system_smartconnect_ctrl_0/system_smartconnect_ctrl_0_sim_netlist.v
INFO: [IP_Flow 19-6928] IPCACHE: copied cached file /home/fabio/AltoNivel/DFS/src/vivado/dfs_system/dfs_system.cache/ip/2024.1/b/b/bb1aa94f54425d85/system_smartconnect_ctrl_0_sim_netlist.vhdl to /home/fabio/AltoNivel/DFS/src/vivado/dfs_system/dfs_system.gen/sources_1/bd/system/ip/system_smartconnect_ctrl_0/system_smartconnect_ctrl_0_sim_netlist.vhdl.
INFO: [IP_Flow 19-6926] IPCACHE: added file to list for BOM: /home/fabio/AltoNivel/DFS/src/vivado/dfs_system/dfs_system.gen/sources_1/bd/system/ip/system_smartconnect_ctrl_0/system_smartconnect_ctrl_0_sim_netlist.vhdl
INFO: [IP_Flow 19-6928] IPCACHE: copied cached file /home/fabio/AltoNivel/DFS/src/vivado/dfs_system/dfs_system.cache/ip/2024.1/b/b/bb1aa94f54425d85/system_smartconnect_ctrl_0.dcp to /home/fabio/AltoNivel/DFS/src/vivado/dfs_system/dfs_system.gen/sources_1/bd/system/ip/system_smartconnect_ctrl_0/system_smartconnect_ctrl_0.dcp.
INFO: [IP_Flow 19-6926] IPCACHE: added file to list for BOM: /home/fabio/AltoNivel/DFS/src/vivado/dfs_system/dfs_system.gen/sources_1/bd/system/ip/system_smartconnect_ctrl_0/system_smartconnect_ctrl_0.dcp
INFO: [IP_Flow 19-6928] IPCACHE: copied cached file /home/fabio/AltoNivel/DFS/src/vivado/dfs_system/dfs_system.cache/ip/2024.1/b/b/bb1aa94f54425d85/system_smartconnect_ctrl_0_stub.v to /home/fabio/AltoNivel/DFS/src/vivado/dfs_system/dfs_system.gen/sources_1/bd/system/ip/system_smartconnect_ctrl_0/system_smartconnect_ctrl_0_stub.v.
INFO: [IP_Flow 19-6926] IPCACHE: added file to list for BOM: /home/fabio/AltoNivel/DFS/src/vivado/dfs_system/dfs_system.gen/sources_1/bd/system/ip/system_smartconnect_ctrl_0/system_smartconnect_ctrl_0_stub.v
INFO: [IP_Flow 19-4993] Using cached IP synthesis design for IP system_smartconnect_ctrl_0, cache-ID = bb1aa94f54425d85; cache size = 67.804 MB.
INFO: [IP_Flow 19-6924] IPCACHE: Running cache check for IP inst: system_smartconnect_data_0
INFO: [IP_Flow 19-6922] IPCACHE: Exporting cached entry 3170955ee0ccb7b0 to dir: /home/fabio/AltoNivel/DFS/src/vivado/dfs_system/dfs_system.gen/sources_1/bd/system/ip/system_smartconnect_data_0
INFO: [IP_Flow 19-6928] IPCACHE: copied cached file /home/fabio/AltoNivel/DFS/src/vivado/dfs_system/dfs_system.cache/ip/2024.1/3/1/3170955ee0ccb7b0/system_smartconnect_data_0_sim_netlist.v to /home/fabio/AltoNivel/DFS/src/vivado/dfs_system/dfs_system.gen/sources_1/bd/system/ip/system_smartconnect_data_0/system_smartconnect_data_0_sim_netlist.v.
INFO: [IP_Flow 19-6926] IPCACHE: added file to list for BOM: /home/fabio/AltoNivel/DFS/src/vivado/dfs_system/dfs_system.gen/sources_1/bd/system/ip/system_smartconnect_data_0/system_smartconnect_data_0_sim_netlist.v
INFO: [IP_Flow 19-6928] IPCACHE: copied cached file /home/fabio/AltoNivel/DFS/src/vivado/dfs_system/dfs_system.cache/ip/2024.1/3/1/3170955ee0ccb7b0/system_smartconnect_data_0.dcp to /home/fabio/AltoNivel/DFS/src/vivado/dfs_system/dfs_system.gen/sources_1/bd/system/ip/system_smartconnect_data_0/system_smartconnect_data_0.dcp.
INFO: [IP_Flow 19-6926] IPCACHE: added file to list for BOM: /home/fabio/AltoNivel/DFS/src/vivado/dfs_system/dfs_system.gen/sources_1/bd/system/ip/system_smartconnect_data_0/system_smartconnect_data_0.dcp
INFO: [IP_Flow 19-6928] IPCACHE: copied cached file /home/fabio/AltoNivel/DFS/src/vivado/dfs_system/dfs_system.cache/ip/2024.1/3/1/3170955ee0ccb7b0/system_smartconnect_data_0_stub.v to /home/fabio/AltoNivel/DFS/src/vivado/dfs_system/dfs_system.gen/sources_1/bd/system/ip/system_smartconnect_data_0/system_smartconnect_data_0_stub.v.
INFO: [IP_Flow 19-6926] IPCACHE: added file to list for BOM: /home/fabio/AltoNivel/DFS/src/vivado/dfs_system/dfs_system.gen/sources_1/bd/system/ip/system_smartconnect_data_0/system_smartconnect_data_0_stub.v
INFO: [IP_Flow 19-6928] IPCACHE: copied cached file /home/fabio/AltoNivel/DFS/src/vivado/dfs_system/dfs_system.cache/ip/2024.1/3/1/3170955ee0ccb7b0/system_smartconnect_data_0_stub.vhdl to /home/fabio/AltoNivel/DFS/src/vivado/dfs_system/dfs_system.gen/sources_1/bd/system/ip/system_smartconnect_data_0/system_smartconnect_data_0_stub.vhdl.
INFO: [IP_Flow 19-6926] IPCACHE: added file to list for BOM: /home/fabio/AltoNivel/DFS/src/vivado/dfs_system/dfs_system.gen/sources_1/bd/system/ip/system_smartconnect_data_0/system_smartconnect_data_0_stub.vhdl
INFO: [IP_Flow 19-6928] IPCACHE: copied cached file /home/fabio/AltoNivel/DFS/src/vivado/dfs_system/dfs_system.cache/ip/2024.1/3/1/3170955ee0ccb7b0/system_smartconnect_data_0_sim_netlist.vhdl to /home/fabio/AltoNivel/DFS/src/vivado/dfs_system/dfs_system.gen/sources_1/bd/system/ip/system_smartconnect_data_0/system_smartconnect_data_0_sim_netlist.vhdl.
INFO: [IP_Flow 19-6926] IPCACHE: added file to list for BOM: /home/fabio/AltoNivel/DFS/src/vivado/dfs_system/dfs_system.gen/sources_1/bd/system/ip/system_smartconnect_data_0/system_smartconnect_data_0_sim_netlist.vhdl
INFO: [IP_Flow 19-4993] Using cached IP synthesis design for IP system_smartconnect_data_0, cache-ID = 3170955ee0ccb7b0; cache size = 67.804 MB.
INFO: [IP_Flow 19-6924] IPCACHE: Running cache check for IP inst: system_zynq_ultra_ps_e_0_0
config_ip_cache: Time (s): cpu = 00:00:07 ; elapsed = 00:00:08 . Memory (MB): peak = 2022.473 ; gain = 32.012 ; free physical = 4897 ; free virtual = 13988
[Sun Aug  2 22:13:34 2026] Launched system_zynq_ultra_ps_e_0_0_synth_1...
Run output will be captured here: /home/fabio/AltoNivel/DFS/src/vivado/dfs_system/dfs_system.runs/system_zynq_ultra_ps_e_0_0_synth_1/runme.log
[Sun Aug  2 22:13:34 2026] Launched synth_1...
Run output will be captured here: /home/fabio/AltoNivel/DFS/src/vivado/dfs_system/dfs_system.runs/synth_1/runme.log
launch_runs: Time (s): cpu = 00:00:13 ; elapsed = 00:00:14 . Memory (MB): peak = 2022.473 ; gain = 40.020 ; free physical = 4894 ; free virtual = 13989
# wait_on_run synth_1
[Sun Aug  2 22:13:34 2026] Waiting for synth_1 to finish...

*** Running vivado
    with args -log system_wrapper.vds -m64 -product Vivado -mode batch -messageDb vivado.pb -notrace -source system_wrapper.tcl


****** Vivado v2024.1 (64-bit)
  **** SW Build 5076996 on Wed May 22 18:36:09 MDT 2024
  **** IP Build 5075265 on Wed May 22 21:45:21 MDT 2024
  **** SharedData Build 5076995 on Wed May 22 18:29:18 MDT 2024
  **** Start of session at: Sun Aug  2 22:16:42 2026
    ** Copyright 1986-2022 Xilinx, Inc. All Rights Reserved.
    ** Copyright 2022-2024 Advanced Micro Devices, Inc. All Rights Reserved.

source system_wrapper.tcl -notrace
create_project: Time (s): cpu = 00:00:30 ; elapsed = 00:00:30 . Memory (MB): peak = 1374.688 ; gain = 36.840 ; free physical = 4359 ; free virtual = 13542
INFO: [IP_Flow 19-234] Refreshing IP repositories
INFO: [IP_Flow 19-1700] Loaded user IP repository '/home/fabio/AltoNivel/DFS/dfs_accel_prj/solution1/impl/ip'.
INFO: [IP_Flow 19-2313] Loaded Vivado IP repository '/tools/Xilinx/Vivado/2024.1/data/ip'.
add_files: Time (s): cpu = 00:00:09 ; elapsed = 00:00:09 . Memory (MB): peak = 1429.258 ; gain = 39.727 ; free physical = 4285 ; free virtual = 13460
Command: read_checkpoint -auto_incremental -incremental /home/fabio/AltoNivel/DFS/src/vivado/dfs_system/dfs_system.srcs/utils_1/imports/synth_1/system_wrapper.dcp
INFO: [Vivado 12-5825] Read reference checkpoint from /home/fabio/AltoNivel/DFS/src/vivado/dfs_system/dfs_system.srcs/utils_1/imports/synth_1/system_wrapper.dcp for incremental synthesis
INFO: [Vivado 12-7989] Please ensure there are no constraint changes
Command: synth_design -top system_wrapper -part xck26-sfvc784-2LV-c
Starting synth_design
Attempting to get a license for feature 'Synthesis' and/or device 'xck26'
INFO: [Common 17-349] Got license for feature 'Synthesis' and/or device 'xck26'
INFO: [Device 21-403] Loading part xck26-sfvc784-2LV-c
INFO: [Designutils 20-5440] No compile time benefit to using incremental synthesis; A full resynthesis will be run
INFO: [Designutils 20-4379] Flow is switching to default flow due to incremental criteria not met. If you would like to alter this behaviour and have the flow terminate instead, please set the following parameter config_implementation {autoIncr.Synth.RejectBehavior Terminate}
INFO: [Synth 8-7079] Multithreading enabled for synth_design using a maximum of 4 processes.
INFO: [Synth 8-7078] Launching helper process for spawning children vivado processes
INFO: [Synth 8-7075] Helper process launched with PID 20008
---------------------------------------------------------------------------------
Starting RTL Elaboration : Time (s): cpu = 00:00:09 ; elapsed = 00:00:09 . Memory (MB): peak = 2691.293 ; gain = 300.777 ; free physical = 2755 ; free virtual = 11931
---------------------------------------------------------------------------------
INFO: [Synth 8-6157] synthesizing module 'system_wrapper' [/home/fabio/AltoNivel/DFS/src/vivado/dfs_system/dfs_system.gen/sources_1/bd/system/hdl/system_wrapper.v:13]
INFO: [Synth 8-6157] synthesizing module 'system' [/home/fabio/AltoNivel/DFS/src/vivado/dfs_system/dfs_system.gen/sources_1/bd/system/synth/system.v:13]
INFO: [Synth 8-6157] synthesizing module 'system_dfs_accel_0_0' [/home/fabio/AltoNivel/DFS/src/vivado/dfs_system/dfs_system.runs/synth_1/.Xil/Vivado-19931-fabio-HP-Notebook/realtime/system_dfs_accel_0_0_stub.v:6]
INFO: [Synth 8-6155] done synthesizing module 'system_dfs_accel_0_0' (0#1) [/home/fabio/AltoNivel/DFS/src/vivado/dfs_system/dfs_system.runs/synth_1/.Xil/Vivado-19931-fabio-HP-Notebook/realtime/system_dfs_accel_0_0_stub.v:6]
WARNING: [Synth 8-7071] port 'interrupt' of module 'system_dfs_accel_0_0' is unconnected for instance 'dfs_accel_0' [/home/fabio/AltoNivel/DFS/src/vivado/dfs_system/dfs_system.gen/sources_1/bd/system/synth/system.v:164]
WARNING: [Synth 8-7071] port 'm_axi_gmem0_ARREGION' of module 'system_dfs_accel_0_0' is unconnected for instance 'dfs_accel_0' [/home/fabio/AltoNivel/DFS/src/vivado/dfs_system/dfs_system.gen/sources_1/bd/system/synth/system.v:164]
WARNING: [Synth 8-7071] port 'm_axi_gmem0_AWADDR' of module 'system_dfs_accel_0_0' is unconnected for instance 'dfs_accel_0' [/home/fabio/AltoNivel/DFS/src/vivado/dfs_system/dfs_system.gen/sources_1/bd/system/synth/system.v:164]
WARNING: [Synth 8-7071] port 'm_axi_gmem0_AWBURST' of module 'system_dfs_accel_0_0' is unconnected for instance 'dfs_accel_0' [/home/fabio/AltoNivel/DFS/src/vivado/dfs_system/dfs_system.gen/sources_1/bd/system/synth/system.v:164]
WARNING: [Synth 8-7071] port 'm_axi_gmem0_AWCACHE' of module 'system_dfs_accel_0_0' is unconnected for instance 'dfs_accel_0' [/home/fabio/AltoNivel/DFS/src/vivado/dfs_system/dfs_system.gen/sources_1/bd/system/synth/system.v:164]
WARNING: [Synth 8-7071] port 'm_axi_gmem0_AWID' of module 'system_dfs_accel_0_0' is unconnected for instance 'dfs_accel_0' [/home/fabio/AltoNivel/DFS/src/vivado/dfs_system/dfs_system.gen/sources_1/bd/system/synth/system.v:164]
WARNING: [Synth 8-7071] port 'm_axi_gmem0_AWLEN' of module 'system_dfs_accel_0_0' is unconnected for instance 'dfs_accel_0' [/home/fabio/AltoNivel/DFS/src/vivado/dfs_system/dfs_system.gen/sources_1/bd/system/synth/system.v:164]
WARNING: [Synth 8-7071] port 'm_axi_gmem0_AWLOCK' of module 'system_dfs_accel_0_0' is unconnected for instance 'dfs_accel_0' [/home/fabio/AltoNivel/DFS/src/vivado/dfs_system/dfs_system.gen/sources_1/bd/system/synth/system.v:164]
WARNING: [Synth 8-7071] port 'm_axi_gmem0_AWPROT' of module 'system_dfs_accel_0_0' is unconnected for instance 'dfs_accel_0' [/home/fabio/AltoNivel/DFS/src/vivado/dfs_system/dfs_system.gen/sources_1/bd/system/synth/system.v:164]
WARNING: [Synth 8-7071] port 'm_axi_gmem0_AWQOS' of module 'system_dfs_accel_0_0' is unconnected for instance 'dfs_accel_0' [/home/fabio/AltoNivel/DFS/src/vivado/dfs_system/dfs_system.gen/sources_1/bd/system/synth/system.v:164]
WARNING: [Synth 8-7071] port 'm_axi_gmem0_AWREGION' of module 'system_dfs_accel_0_0' is unconnected for instance 'dfs_accel_0' [/home/fabio/AltoNivel/DFS/src/vivado/dfs_system/dfs_system.gen/sources_1/bd/system/synth/system.v:164]
WARNING: [Synth 8-7071] port 'm_axi_gmem0_AWSIZE' of module 'system_dfs_accel_0_0' is unconnected for instance 'dfs_accel_0' [/home/fabio/AltoNivel/DFS/src/vivado/dfs_system/dfs_system.gen/sources_1/bd/system/synth/system.v:164]
WARNING: [Synth 8-7071] port 'm_axi_gmem0_AWVALID' of module 'system_dfs_accel_0_0' is unconnected for instance 'dfs_accel_0' [/home/fabio/AltoNivel/DFS/src/vivado/dfs_system/dfs_system.gen/sources_1/bd/system/synth/system.v:164]
WARNING: [Synth 8-7071] port 'm_axi_gmem0_BREADY' of module 'system_dfs_accel_0_0' is unconnected for instance 'dfs_accel_0' [/home/fabio/AltoNivel/DFS/src/vivado/dfs_system/dfs_system.gen/sources_1/bd/system/synth/system.v:164]
WARNING: [Synth 8-7071] port 'm_axi_gmem0_WDATA' of module 'system_dfs_accel_0_0' is unconnected for instance 'dfs_accel_0' [/home/fabio/AltoNivel/DFS/src/vivado/dfs_system/dfs_system.gen/sources_1/bd/system/synth/system.v:164]
WARNING: [Synth 8-7071] port 'm_axi_gmem0_WID' of module 'system_dfs_accel_0_0' is unconnected for instance 'dfs_accel_0' [/home/fabio/AltoNivel/DFS/src/vivado/dfs_system/dfs_system.gen/sources_1/bd/system/synth/system.v:164]
WARNING: [Synth 8-7071] port 'm_axi_gmem0_WLAST' of module 'system_dfs_accel_0_0' is unconnected for instance 'dfs_accel_0' [/home/fabio/AltoNivel/DFS/src/vivado/dfs_system/dfs_system.gen/sources_1/bd/system/synth/system.v:164]
WARNING: [Synth 8-7071] port 'm_axi_gmem0_WSTRB' of module 'system_dfs_accel_0_0' is unconnected for instance 'dfs_accel_0' [/home/fabio/AltoNivel/DFS/src/vivado/dfs_system/dfs_system.gen/sources_1/bd/system/synth/system.v:164]
WARNING: [Synth 8-7071] port 'm_axi_gmem0_WVALID' of module 'system_dfs_accel_0_0' is unconnected for instance 'dfs_accel_0' [/home/fabio/AltoNivel/DFS/src/vivado/dfs_system/dfs_system.gen/sources_1/bd/system/synth/system.v:164]
WARNING: [Synth 8-7071] port 'm_axi_gmem1_ARREGION' of module 'system_dfs_accel_0_0' is unconnected for instance 'dfs_accel_0' [/home/fabio/AltoNivel/DFS/src/vivado/dfs_system/dfs_system.gen/sources_1/bd/system/synth/system.v:164]
WARNING: [Synth 8-7071] port 'm_axi_gmem1_AWADDR' of module 'system_dfs_accel_0_0' is unconnected for instance 'dfs_accel_0' [/home/fabio/AltoNivel/DFS/src/vivado/dfs_system/dfs_system.gen/sources_1/bd/system/synth/system.v:164]
WARNING: [Synth 8-7071] port 'm_axi_gmem1_AWBURST' of module 'system_dfs_accel_0_0' is unconnected for instance 'dfs_accel_0' [/home/fabio/AltoNivel/DFS/src/vivado/dfs_system/dfs_system.gen/sources_1/bd/system/synth/system.v:164]
WARNING: [Synth 8-7071] port 'm_axi_gmem1_AWCACHE' of module 'system_dfs_accel_0_0' is unconnected for instance 'dfs_accel_0' [/home/fabio/AltoNivel/DFS/src/vivado/dfs_system/dfs_system.gen/sources_1/bd/system/synth/system.v:164]
WARNING: [Synth 8-7071] port 'm_axi_gmem1_AWID' of module 'system_dfs_accel_0_0' is unconnected for instance 'dfs_accel_0' [/home/fabio/AltoNivel/DFS/src/vivado/dfs_system/dfs_system.gen/sources_1/bd/system/synth/system.v:164]
WARNING: [Synth 8-7071] port 'm_axi_gmem1_AWLEN' of module 'system_dfs_accel_0_0' is unconnected for instance 'dfs_accel_0' [/home/fabio/AltoNivel/DFS/src/vivado/dfs_system/dfs_system.gen/sources_1/bd/system/synth/system.v:164]
WARNING: [Synth 8-7071] port 'm_axi_gmem1_AWLOCK' of module 'system_dfs_accel_0_0' is unconnected for instance 'dfs_accel_0' [/home/fabio/AltoNivel/DFS/src/vivado/dfs_system/dfs_system.gen/sources_1/bd/system/synth/system.v:164]
WARNING: [Synth 8-7071] port 'm_axi_gmem1_AWPROT' of module 'system_dfs_accel_0_0' is unconnected for instance 'dfs_accel_0' [/home/fabio/AltoNivel/DFS/src/vivado/dfs_system/dfs_system.gen/sources_1/bd/system/synth/system.v:164]
WARNING: [Synth 8-7071] port 'm_axi_gmem1_AWQOS' of module 'system_dfs_accel_0_0' is unconnected for instance 'dfs_accel_0' [/home/fabio/AltoNivel/DFS/src/vivado/dfs_system/dfs_system.gen/sources_1/bd/system/synth/system.v:164]
WARNING: [Synth 8-7071] port 'm_axi_gmem1_AWREGION' of module 'system_dfs_accel_0_0' is unconnected for instance 'dfs_accel_0' [/home/fabio/AltoNivel/DFS/src/vivado/dfs_system/dfs_system.gen/sources_1/bd/system/synth/system.v:164]
WARNING: [Synth 8-7071] port 'm_axi_gmem1_AWSIZE' of module 'system_dfs_accel_0_0' is unconnected for instance 'dfs_accel_0' [/home/fabio/AltoNivel/DFS/src/vivado/dfs_system/dfs_system.gen/sources_1/bd/system/synth/system.v:164]
WARNING: [Synth 8-7071] port 'm_axi_gmem1_AWVALID' of module 'system_dfs_accel_0_0' is unconnected for instance 'dfs_accel_0' [/home/fabio/AltoNivel/DFS/src/vivado/dfs_system/dfs_system.gen/sources_1/bd/system/synth/system.v:164]
WARNING: [Synth 8-7071] port 'm_axi_gmem1_BREADY' of module 'system_dfs_accel_0_0' is unconnected for instance 'dfs_accel_0' [/home/fabio/AltoNivel/DFS/src/vivado/dfs_system/dfs_system.gen/sources_1/bd/system/synth/system.v:164]
WARNING: [Synth 8-7071] port 'm_axi_gmem1_WDATA' of module 'system_dfs_accel_0_0' is unconnected for instance 'dfs_accel_0' [/home/fabio/AltoNivel/DFS/src/vivado/dfs_system/dfs_system.gen/sources_1/bd/system/synth/system.v:164]
WARNING: [Synth 8-7071] port 'm_axi_gmem1_WID' of module 'system_dfs_accel_0_0' is unconnected for instance 'dfs_accel_0' [/home/fabio/AltoNivel/DFS/src/vivado/dfs_system/dfs_system.gen/sources_1/bd/system/synth/system.v:164]
WARNING: [Synth 8-7071] port 'm_axi_gmem1_WLAST' of module 'system_dfs_accel_0_0' is unconnected for instance 'dfs_accel_0' [/home/fabio/AltoNivel/DFS/src/vivado/dfs_system/dfs_system.gen/sources_1/bd/system/synth/system.v:164]
WARNING: [Synth 8-7071] port 'm_axi_gmem1_WSTRB' of module 'system_dfs_accel_0_0' is unconnected for instance 'dfs_accel_0' [/home/fabio/AltoNivel/DFS/src/vivado/dfs_system/dfs_system.gen/sources_1/bd/system/synth/system.v:164]
WARNING: [Synth 8-7071] port 'm_axi_gmem1_WVALID' of module 'system_dfs_accel_0_0' is unconnected for instance 'dfs_accel_0' [/home/fabio/AltoNivel/DFS/src/vivado/dfs_system/dfs_system.gen/sources_1/bd/system/synth/system.v:164]
WARNING: [Synth 8-7071] port 'm_axi_gmem2_ARADDR' of module 'system_dfs_accel_0_0' is unconnected for instance 'dfs_accel_0' [/home/fabio/AltoNivel/DFS/src/vivado/dfs_system/dfs_system.gen/sources_1/bd/system/synth/system.v:164]
WARNING: [Synth 8-7071] port 'm_axi_gmem2_ARBURST' of module 'system_dfs_accel_0_0' is unconnected for instance 'dfs_accel_0' [/home/fabio/AltoNivel/DFS/src/vivado/dfs_system/dfs_system.gen/sources_1/bd/system/synth/system.v:164]
WARNING: [Synth 8-7071] port 'm_axi_gmem2_ARCACHE' of module 'system_dfs_accel_0_0' is unconnected for instance 'dfs_accel_0' [/home/fabio/AltoNivel/DFS/src/vivado/dfs_system/dfs_system.gen/sources_1/bd/system/synth/system.v:164]
WARNING: [Synth 8-7071] port 'm_axi_gmem2_ARID' of module 'system_dfs_accel_0_0' is unconnected for instance 'dfs_accel_0' [/home/fabio/AltoNivel/DFS/src/vivado/dfs_system/dfs_system.gen/sources_1/bd/system/synth/system.v:164]
WARNING: [Synth 8-7071] port 'm_axi_gmem2_ARLEN' of module 'system_dfs_accel_0_0' is unconnected for instance 'dfs_accel_0' [/home/fabio/AltoNivel/DFS/src/vivado/dfs_system/dfs_system.gen/sources_1/bd/system/synth/system.v:164]
WARNING: [Synth 8-7071] port 'm_axi_gmem2_ARLOCK' of module 'system_dfs_accel_0_0' is unconnected for instance 'dfs_accel_0' [/home/fabio/AltoNivel/DFS/src/vivado/dfs_system/dfs_system.gen/sources_1/bd/system/synth/system.v:164]
WARNING: [Synth 8-7071] port 'm_axi_gmem2_ARPROT' of module 'system_dfs_accel_0_0' is unconnected for instance 'dfs_accel_0' [/home/fabio/AltoNivel/DFS/src/vivado/dfs_system/dfs_system.gen/sources_1/bd/system/synth/system.v:164]
WARNING: [Synth 8-7071] port 'm_axi_gmem2_ARQOS' of module 'system_dfs_accel_0_0' is unconnected for instance 'dfs_accel_0' [/home/fabio/AltoNivel/DFS/src/vivado/dfs_system/dfs_system.gen/sources_1/bd/system/synth/system.v:164]
WARNING: [Synth 8-7071] port 'm_axi_gmem2_ARREGION' of module 'system_dfs_accel_0_0' is unconnected for instance 'dfs_accel_0' [/home/fabio/AltoNivel/DFS/src/vivado/dfs_system/dfs_system.gen/sources_1/bd/system/synth/system.v:164]
WARNING: [Synth 8-7071] port 'm_axi_gmem2_ARSIZE' of module 'system_dfs_accel_0_0' is unconnected for instance 'dfs_accel_0' [/home/fabio/AltoNivel/DFS/src/vivado/dfs_system/dfs_system.gen/sources_1/bd/system/synth/system.v:164]
WARNING: [Synth 8-7071] port 'm_axi_gmem2_ARVALID' of module 'system_dfs_accel_0_0' is unconnected for instance 'dfs_accel_0' [/home/fabio/AltoNivel/DFS/src/vivado/dfs_system/dfs_system.gen/sources_1/bd/system/synth/system.v:164]
WARNING: [Synth 8-7071] port 'm_axi_gmem2_AWREGION' of module 'system_dfs_accel_0_0' is unconnected for instance 'dfs_accel_0' [/home/fabio/AltoNivel/DFS/src/vivado/dfs_system/dfs_system.gen/sources_1/bd/system/synth/system.v:164]
WARNING: [Synth 8-7071] port 'm_axi_gmem2_RREADY' of module 'system_dfs_accel_0_0' is unconnected for instance 'dfs_accel_0' [/home/fabio/AltoNivel/DFS/src/vivado/dfs_system/dfs_system.gen/sources_1/bd/system/synth/system.v:164]
WARNING: [Synth 8-7071] port 'm_axi_gmem2_WID' of module 'system_dfs_accel_0_0' is unconnected for instance 'dfs_accel_0' [/home/fabio/AltoNivel/DFS/src/vivado/dfs_system/dfs_system.gen/sources_1/bd/system/synth/system.v:164]
WARNING: [Synth 8-7023] instance 'dfs_accel_0' of module 'system_dfs_accel_0_0' has 140 connections declared, but only 89 given [/home/fabio/AltoNivel/DFS/src/vivado/dfs_system/dfs_system.gen/sources_1/bd/system/synth/system.v:164]
INFO: [Synth 8-6157] synthesizing module 'system_proc_sys_reset_0_0' [/home/fabio/AltoNivel/DFS/src/vivado/dfs_system/dfs_system.runs/synth_1/.Xil/Vivado-19931-fabio-HP-Notebook/realtime/system_proc_sys_reset_0_0_stub.v:6]
INFO: [Synth 8-6155] done synthesizing module 'system_proc_sys_reset_0_0' (0#1) [/home/fabio/AltoNivel/DFS/src/vivado/dfs_system/dfs_system.runs/synth_1/.Xil/Vivado-19931-fabio-HP-Notebook/realtime/system_proc_sys_reset_0_0_stub.v:6]
WARNING: [Synth 8-7071] port 'mb_reset' of module 'system_proc_sys_reset_0_0' is unconnected for instance 'proc_sys_reset_0' [/home/fabio/AltoNivel/DFS/src/vivado/dfs_system/dfs_system.gen/sources_1/bd/system/synth/system.v:254]
WARNING: [Synth 8-7071] port 'bus_struct_reset' of module 'system_proc_sys_reset_0_0' is unconnected for instance 'proc_sys_reset_0' [/home/fabio/AltoNivel/DFS/src/vivado/dfs_system/dfs_system.gen/sources_1/bd/system/synth/system.v:254]
WARNING: [Synth 8-7071] port 'peripheral_reset' of module 'system_proc_sys_reset_0_0' is unconnected for instance 'proc_sys_reset_0' [/home/fabio/AltoNivel/DFS/src/vivado/dfs_system/dfs_system.gen/sources_1/bd/system/synth/system.v:254]
WARNING: [Synth 8-7071] port 'interconnect_aresetn' of module 'system_proc_sys_reset_0_0' is unconnected for instance 'proc_sys_reset_0' [/home/fabio/AltoNivel/DFS/src/vivado/dfs_system/dfs_system.gen/sources_1/bd/system/synth/system.v:254]
WARNING: [Synth 8-7023] instance 'proc_sys_reset_0' of module 'system_proc_sys_reset_0_0' has 10 connections declared, but only 6 given [/home/fabio/AltoNivel/DFS/src/vivado/dfs_system/dfs_system.gen/sources_1/bd/system/synth/system.v:254]
INFO: [Synth 8-6157] synthesizing module 'system_smartconnect_ctrl_0' [/home/fabio/AltoNivel/DFS/src/vivado/dfs_system/dfs_system.runs/synth_1/.Xil/Vivado-19931-fabio-HP-Notebook/realtime/system_smartconnect_ctrl_0_stub.v:6]
INFO: [Synth 8-6155] done synthesizing module 'system_smartconnect_ctrl_0' (0#1) [/home/fabio/AltoNivel/DFS/src/vivado/dfs_system/dfs_system.runs/synth_1/.Xil/Vivado-19931-fabio-HP-Notebook/realtime/system_smartconnect_ctrl_0_stub.v:6]
WARNING: [Synth 8-7071] port 'M00_AXI_awprot' of module 'system_smartconnect_ctrl_0' is unconnected for instance 'smartconnect_ctrl' [/home/fabio/AltoNivel/DFS/src/vivado/dfs_system/dfs_system.gen/sources_1/bd/system/synth/system.v:261]
WARNING: [Synth 8-7071] port 'M00_AXI_arprot' of module 'system_smartconnect_ctrl_0' is unconnected for instance 'smartconnect_ctrl' [/home/fabio/AltoNivel/DFS/src/vivado/dfs_system/dfs_system.gen/sources_1/bd/system/synth/system.v:261]
WARNING: [Synth 8-7023] instance 'smartconnect_ctrl' of module 'system_smartconnect_ctrl_0' has 60 connections declared, but only 58 given [/home/fabio/AltoNivel/DFS/src/vivado/dfs_system/dfs_system.gen/sources_1/bd/system/synth/system.v:261]
INFO: [Synth 8-6157] synthesizing module 'system_smartconnect_data_0' [/home/fabio/AltoNivel/DFS/src/vivado/dfs_system/dfs_system.runs/synth_1/.Xil/Vivado-19931-fabio-HP-Notebook/realtime/system_smartconnect_data_0_stub.v:6]
INFO: [Synth 8-6155] done synthesizing module 'system_smartconnect_data_0' (0#1) [/home/fabio/AltoNivel/DFS/src/vivado/dfs_system/dfs_system.runs/synth_1/.Xil/Vivado-19931-fabio-HP-Notebook/realtime/system_smartconnect_data_0_stub.v:6]
INFO: [Synth 8-6157] synthesizing module 'system_zynq_ultra_ps_e_0_0' [/home/fabio/AltoNivel/DFS/src/vivado/dfs_system/dfs_system.runs/synth_1/.Xil/Vivado-19931-fabio-HP-Notebook/realtime/system_zynq_ultra_ps_e_0_0_stub.v:6]
INFO: [Synth 8-6155] done synthesizing module 'system_zynq_ultra_ps_e_0_0' (0#1) [/home/fabio/AltoNivel/DFS/src/vivado/dfs_system/dfs_system.runs/synth_1/.Xil/Vivado-19931-fabio-HP-Notebook/realtime/system_zynq_ultra_ps_e_0_0_stub.v:6]
WARNING: [Synth 8-7071] port 'saxigp2_bid' of module 'system_zynq_ultra_ps_e_0_0' is unconnected for instance 'zynq_ultra_ps_e_0' [/home/fabio/AltoNivel/DFS/src/vivado/dfs_system/dfs_system.gen/sources_1/bd/system/synth/system.v:410]
WARNING: [Synth 8-7071] port 'saxigp2_rid' of module 'system_zynq_ultra_ps_e_0_0' is unconnected for instance 'zynq_ultra_ps_e_0' [/home/fabio/AltoNivel/DFS/src/vivado/dfs_system/dfs_system.gen/sources_1/bd/system/synth/system.v:410]
WARNING: [Synth 8-7071] port 'pl_clk1' of module 'system_zynq_ultra_ps_e_0_0' is unconnected for instance 'zynq_ultra_ps_e_0' [/home/fabio/AltoNivel/DFS/src/vivado/dfs_system/dfs_system.gen/sources_1/bd/system/synth/system.v:410]
WARNING: [Synth 8-7023] instance 'zynq_ultra_ps_e_0' of module 'system_zynq_ultra_ps_e_0_0' has 84 connections declared, but only 81 given [/home/fabio/AltoNivel/DFS/src/vivado/dfs_system/dfs_system.gen/sources_1/bd/system/synth/system.v:410]
INFO: [Synth 8-6155] done synthesizing module 'system' (0#1) [/home/fabio/AltoNivel/DFS/src/vivado/dfs_system/dfs_system.gen/sources_1/bd/system/synth/system.v:13]
INFO: [Synth 8-6155] done synthesizing module 'system_wrapper' (0#1) [/home/fabio/AltoNivel/DFS/src/vivado/dfs_system/dfs_system.gen/sources_1/bd/system/hdl/system_wrapper.v:13]
---------------------------------------------------------------------------------
Finished RTL Elaboration : Time (s): cpu = 00:00:15 ; elapsed = 00:00:16 . Memory (MB): peak = 2773.262 ; gain = 382.746 ; free physical = 2640 ; free virtual = 11827
---------------------------------------------------------------------------------
---------------------------------------------------------------------------------
Start Handling Custom Attributes
---------------------------------------------------------------------------------
---------------------------------------------------------------------------------
Finished Handling Custom Attributes : Time (s): cpu = 00:00:15 ; elapsed = 00:00:16 . Memory (MB): peak = 2779.199 ; gain = 388.684 ; free physical = 2640 ; free virtual = 11827
---------------------------------------------------------------------------------
---------------------------------------------------------------------------------
Finished RTL Optimization Phase 1 : Time (s): cpu = 00:00:15 ; elapsed = 00:00:16 . Memory (MB): peak = 2779.199 ; gain = 388.684 ; free physical = 2640 ; free virtual = 11827
---------------------------------------------------------------------------------
Netlist sorting complete. Time (s): cpu = 00:00:00.02 ; elapsed = 00:00:00.02 . Memory (MB): peak = 2779.199 ; gain = 0.000 ; free physical = 2640 ; free virtual = 11827
INFO: [Project 1-570] Preparing netlist for logic optimization

Processing XDC Constraints
Initializing timing engine
Parsing XDC File [/home/fabio/AltoNivel/DFS/src/vivado/dfs_system/dfs_system.gen/sources_1/bd/system/ip/system_zynq_ultra_ps_e_0_0/system_zynq_ultra_ps_e_0_0/system_zynq_ultra_ps_e_0_0_in_context.xdc] for cell 'system_i/zynq_ultra_ps_e_0'
create_clock: Time (s): cpu = 00:00:22 ; elapsed = 00:00:22 . Memory (MB): peak = 2881.184 ; gain = 0.000 ; free physical = 2664 ; free virtual = 11845
Finished Parsing XDC File [/home/fabio/AltoNivel/DFS/src/vivado/dfs_system/dfs_system.gen/sources_1/bd/system/ip/system_zynq_ultra_ps_e_0_0/system_zynq_ultra_ps_e_0_0/system_zynq_ultra_ps_e_0_0_in_context.xdc] for cell 'system_i/zynq_ultra_ps_e_0'
Parsing XDC File [/home/fabio/AltoNivel/DFS/src/vivado/dfs_system/dfs_system.gen/sources_1/bd/system/ip/system_proc_sys_reset_0_0/system_proc_sys_reset_0_0/system_proc_sys_reset_0_0_in_context.xdc] for cell 'system_i/proc_sys_reset_0'
Finished Parsing XDC File [/home/fabio/AltoNivel/DFS/src/vivado/dfs_system/dfs_system.gen/sources_1/bd/system/ip/system_proc_sys_reset_0_0/system_proc_sys_reset_0_0/system_proc_sys_reset_0_0_in_context.xdc] for cell 'system_i/proc_sys_reset_0'
Parsing XDC File [/home/fabio/AltoNivel/DFS/src/vivado/dfs_system/dfs_system.gen/sources_1/bd/system/ip/system_dfs_accel_0_0/system_dfs_accel_0_0/system_dfs_accel_0_0_in_context.xdc] for cell 'system_i/dfs_accel_0'
Finished Parsing XDC File [/home/fabio/AltoNivel/DFS/src/vivado/dfs_system/dfs_system.gen/sources_1/bd/system/ip/system_dfs_accel_0_0/system_dfs_accel_0_0/system_dfs_accel_0_0_in_context.xdc] for cell 'system_i/dfs_accel_0'
Parsing XDC File [/home/fabio/AltoNivel/DFS/src/vivado/dfs_system/dfs_system.gen/sources_1/bd/system/ip/system_smartconnect_ctrl_0/system_smartconnect_ctrl_0/system_smartconnect_ctrl_0_in_context.xdc] for cell 'system_i/smartconnect_ctrl'
Finished Parsing XDC File [/home/fabio/AltoNivel/DFS/src/vivado/dfs_system/dfs_system.gen/sources_1/bd/system/ip/system_smartconnect_ctrl_0/system_smartconnect_ctrl_0/system_smartconnect_ctrl_0_in_context.xdc] for cell 'system_i/smartconnect_ctrl'
Parsing XDC File [/home/fabio/AltoNivel/DFS/src/vivado/dfs_system/dfs_system.gen/sources_1/bd/system/ip/system_smartconnect_data_0/system_smartconnect_data_0/system_smartconnect_data_0_in_context.xdc] for cell 'system_i/smartconnect_data'
Finished Parsing XDC File [/home/fabio/AltoNivel/DFS/src/vivado/dfs_system/dfs_system.gen/sources_1/bd/system/ip/system_smartconnect_data_0/system_smartconnect_data_0/system_smartconnect_data_0_in_context.xdc] for cell 'system_i/smartconnect_data'
Parsing XDC File [/home/fabio/AltoNivel/DFS/src/vivado/dfs_system/dfs_system.runs/synth_1/dont_touch.xdc]
Finished Parsing XDC File [/home/fabio/AltoNivel/DFS/src/vivado/dfs_system/dfs_system.runs/synth_1/dont_touch.xdc]
Completed Processing XDC Constraints

Netlist sorting complete. Time (s): cpu = 00:00:00 ; elapsed = 00:00:00 . Memory (MB): peak = 2881.184 ; gain = 0.000 ; free physical = 2664 ; free virtual = 11845
INFO: [Project 1-111] Unisim Transformation Summary:
No Unisim elements were transformed.

Constraint Validation Runtime : Time (s): cpu = 00:00:00.01 ; elapsed = 00:00:00.01 . Memory (MB): peak = 2881.184 ; gain = 0.000 ; free physical = 2664 ; free virtual = 11845
INFO: [Designutils 20-5440] No compile time benefit to using incremental synthesis; A full resynthesis will be run
INFO: [Designutils 20-4379] Flow is switching to default flow due to incremental criteria not met. If you would like to alter this behaviour and have the flow terminate instead, please set the following parameter config_implementation {autoIncr.Synth.RejectBehavior Terminate}
---------------------------------------------------------------------------------
Finished Constraint Validation : Time (s): cpu = 00:00:55 ; elapsed = 00:00:56 . Memory (MB): peak = 2881.184 ; gain = 490.668 ; free physical = 2595 ; free virtual = 11802
---------------------------------------------------------------------------------
---------------------------------------------------------------------------------
Start Loading Part and Timing Information
---------------------------------------------------------------------------------
Loading part: xck26-sfvc784-2LV-c
INFO: [Synth 8-6742] Reading net delay rules and data
---------------------------------------------------------------------------------
Finished Loading Part and Timing Information : Time (s): cpu = 00:00:55 ; elapsed = 00:00:56 . Memory (MB): peak = 2881.184 ; gain = 490.668 ; free physical = 2595 ; free virtual = 11802
---------------------------------------------------------------------------------
---------------------------------------------------------------------------------
Start Applying 'set_property' XDC Constraints
---------------------------------------------------------------------------------
Applied set_property KEEP_HIERARCHY = SOFT for system_i. (constraint file  auto generated constraint).
Applied set_property KEEP_HIERARCHY = SOFT for system_i/zynq_ultra_ps_e_0. (constraint file  auto generated constraint).
Applied set_property KEEP_HIERARCHY = SOFT for system_i/proc_sys_reset_0. (constraint file  auto generated constraint).
Applied set_property KEEP_HIERARCHY = SOFT for system_i/dfs_accel_0. (constraint file  auto generated constraint).
Applied set_property KEEP_HIERARCHY = SOFT for system_i/smartconnect_ctrl. (constraint file  auto generated constraint).
Applied set_property KEEP_HIERARCHY = SOFT for system_i/smartconnect_data. (constraint file  auto generated constraint).
---------------------------------------------------------------------------------
Finished applying 'set_property' XDC Constraints : Time (s): cpu = 00:00:55 ; elapsed = 00:00:56 . Memory (MB): peak = 2881.184 ; gain = 490.668 ; free physical = 2595 ; free virtual = 11802
---------------------------------------------------------------------------------
---------------------------------------------------------------------------------
Finished RTL Optimization Phase 2 : Time (s): cpu = 00:00:55 ; elapsed = 00:00:56 . Memory (MB): peak = 2881.184 ; gain = 490.668 ; free physical = 2600 ; free virtual = 11795
---------------------------------------------------------------------------------
---------------------------------------------------------------------------------
Start RTL Component Statistics 
---------------------------------------------------------------------------------
Detailed RTL Component Info : 
---------------------------------------------------------------------------------
Finished RTL Component Statistics 
---------------------------------------------------------------------------------
---------------------------------------------------------------------------------
Start Part Resource Summary
---------------------------------------------------------------------------------
Part Resources:
DSPs: 1248 (col length:96)
BRAMs: 288 (col length: RAMB18 96 RAMB36 48)
---------------------------------------------------------------------------------
Finished Part Resource Summary
---------------------------------------------------------------------------------
---------------------------------------------------------------------------------
Start Cross Boundary and Area Optimization
---------------------------------------------------------------------------------
WARNING: [Synth 8-7080] Parallel synthesis criteria is not met
---------------------------------------------------------------------------------
Finished Cross Boundary and Area Optimization : Time (s): cpu = 00:00:59 ; elapsed = 00:01:00 . Memory (MB): peak = 2881.184 ; gain = 490.668 ; free physical = 2520 ; free virtual = 11719
---------------------------------------------------------------------------------
---------------------------------------------------------------------------------
Start Applying XDC Timing Constraints
---------------------------------------------------------------------------------
---------------------------------------------------------------------------------
Finished Applying XDC Timing Constraints : Time (s): cpu = 00:01:18 ; elapsed = 00:01:19 . Memory (MB): peak = 3314.762 ; gain = 924.246 ; free physical = 2183 ; free virtual = 11374
---------------------------------------------------------------------------------
---------------------------------------------------------------------------------
Start Timing Optimization
---------------------------------------------------------------------------------
---------------------------------------------------------------------------------
Finished Timing Optimization : Time (s): cpu = 00:01:18 ; elapsed = 00:01:19 . Memory (MB): peak = 3314.762 ; gain = 924.246 ; free physical = 2183 ; free virtual = 11374
---------------------------------------------------------------------------------
---------------------------------------------------------------------------------
Start Technology Mapping
---------------------------------------------------------------------------------
---------------------------------------------------------------------------------
Finished Technology Mapping : Time (s): cpu = 00:01:18 ; elapsed = 00:01:19 . Memory (MB): peak = 3325.777 ; gain = 935.262 ; free physical = 2175 ; free virtual = 11366
---------------------------------------------------------------------------------
---------------------------------------------------------------------------------
Start IO Insertion
---------------------------------------------------------------------------------
---------------------------------------------------------------------------------
Start Flattening Before IO Insertion
---------------------------------------------------------------------------------
---------------------------------------------------------------------------------
Finished Flattening Before IO Insertion
---------------------------------------------------------------------------------
---------------------------------------------------------------------------------
Start Final Netlist Cleanup
---------------------------------------------------------------------------------
---------------------------------------------------------------------------------
Finished Final Netlist Cleanup
---------------------------------------------------------------------------------
---------------------------------------------------------------------------------
Finished IO Insertion : Time (s): cpu = 00:01:33 ; elapsed = 00:01:34 . Memory (MB): peak = 3339.652 ; gain = 949.137 ; free physical = 2169 ; free virtual = 11362
---------------------------------------------------------------------------------
---------------------------------------------------------------------------------
Start Renaming Generated Instances
---------------------------------------------------------------------------------
---------------------------------------------------------------------------------
Finished Renaming Generated Instances : Time (s): cpu = 00:01:33 ; elapsed = 00:01:34 . Memory (MB): peak = 3339.652 ; gain = 949.137 ; free physical = 2169 ; free virtual = 11362
---------------------------------------------------------------------------------
---------------------------------------------------------------------------------
Start Rebuilding User Hierarchy
---------------------------------------------------------------------------------
---------------------------------------------------------------------------------
Finished Rebuilding User Hierarchy : Time (s): cpu = 00:01:33 ; elapsed = 00:01:34 . Memory (MB): peak = 3339.652 ; gain = 949.137 ; free physical = 2169 ; free virtual = 11362
---------------------------------------------------------------------------------
---------------------------------------------------------------------------------
Start Renaming Generated Ports
---------------------------------------------------------------------------------
---------------------------------------------------------------------------------
Finished Renaming Generated Ports : Time (s): cpu = 00:01:33 ; elapsed = 00:01:34 . Memory (MB): peak = 3339.652 ; gain = 949.137 ; free physical = 2169 ; free virtual = 11362
---------------------------------------------------------------------------------
---------------------------------------------------------------------------------
Start Handling Custom Attributes
---------------------------------------------------------------------------------
---------------------------------------------------------------------------------
Finished Handling Custom Attributes : Time (s): cpu = 00:01:33 ; elapsed = 00:01:34 . Memory (MB): peak = 3339.652 ; gain = 949.137 ; free physical = 2169 ; free virtual = 11362
---------------------------------------------------------------------------------
---------------------------------------------------------------------------------
Start Renaming Generated Nets
---------------------------------------------------------------------------------
---------------------------------------------------------------------------------
Finished Renaming Generated Nets : Time (s): cpu = 00:01:33 ; elapsed = 00:01:34 . Memory (MB): peak = 3339.652 ; gain = 949.137 ; free physical = 2169 ; free virtual = 11362
---------------------------------------------------------------------------------
---------------------------------------------------------------------------------
Start Writing Synthesis Report
---------------------------------------------------------------------------------

Report BlackBoxes: 
+------+---------------------------+----------+
|      |BlackBox name              |Instances |
+------+---------------------------+----------+
|1     |system_dfs_accel_0_0       |         1|
|2     |system_proc_sys_reset_0_0  |         1|
|3     |system_smartconnect_ctrl_0 |         1|
|4     |system_smartconnect_data_0 |         1|
|5     |system_zynq_ultra_ps_e_0_0 |         1|
+------+---------------------------+----------+

Report Cell Usage: 
+------+-------------------------+------+
|      |Cell                     |Count |
+------+-------------------------+------+
|1     |system_dfs_accel_0       |     1|
|2     |system_proc_sys_reset_0  |     1|
|3     |system_smartconnect_ctrl |     1|
|4     |system_smartconnect_data |     1|
|5     |system_zynq_ultra_ps_e_0 |     1|
+------+-------------------------+------+
---------------------------------------------------------------------------------
Finished Writing Synthesis Report : Time (s): cpu = 00:01:33 ; elapsed = 00:01:34 . Memory (MB): peak = 3339.652 ; gain = 949.137 ; free physical = 2169 ; free virtual = 11362
---------------------------------------------------------------------------------
Synthesis finished with 0 errors, 0 critical warnings and 1 warnings.
Synthesis Optimization Runtime : Time (s): cpu = 00:01:07 ; elapsed = 00:01:09 . Memory (MB): peak = 3339.652 ; gain = 847.152 ; free physical = 2173 ; free virtual = 11367
Synthesis Optimization Complete : Time (s): cpu = 00:01:33 ; elapsed = 00:01:35 . Memory (MB): peak = 3339.652 ; gain = 949.137 ; free physical = 2173 ; free virtual = 11367
INFO: [Project 1-571] Translating synthesized netlist
Netlist sorting complete. Time (s): cpu = 00:00:00.03 ; elapsed = 00:00:00.02 . Memory (MB): peak = 3339.652 ; gain = 0.000 ; free physical = 2425 ; free virtual = 11619
INFO: [Project 1-570] Preparing netlist for logic optimization
INFO: [Opt 31-138] Pushed 0 inverter(s) to 0 load pin(s).
Netlist sorting complete. Time (s): cpu = 00:00:00 ; elapsed = 00:00:00 . Memory (MB): peak = 3339.652 ; gain = 0.000 ; free physical = 2453 ; free virtual = 11649
INFO: [Project 1-111] Unisim Transformation Summary:
No Unisim elements were transformed.

Synth Design complete | Checksum: 4dc260c
INFO: [Common 17-83] Releasing license: Synthesis
36 Infos, 65 Warnings, 0 Critical Warnings and 0 Errors encountered.
synth_design completed successfully
synth_design: Time (s): cpu = 00:01:58 ; elapsed = 00:01:55 . Memory (MB): peak = 3339.652 ; gain = 1903.426 ; free physical = 2456 ; free virtual = 11649
INFO: [Common 17-2834] synth_design peak Physical Memory [PSS] (MB): overall = 2852.554; main = 2489.690; forked = 392.352
INFO: [Common 17-2834] synth_design peak Virtual Memory [VSS] (MB): overall = 4364.027; main = 3325.781; forked = 1038.246
INFO: [Common 17-1381] The checkpoint '/home/fabio/AltoNivel/DFS/src/vivado/dfs_system/dfs_system.runs/synth_1/system_wrapper.dcp' has been generated.
INFO: [Vivado 12-24828] Executing command : report_utilization -file system_wrapper_utilization_synth.rpt -pb system_wrapper_utilization_synth.pb
INFO: [Common 17-206] Exiting Vivado at Sun Aug  2 22:19:26 2026...
[Sun Aug  2 22:19:38 2026] synth_1 finished
wait_on_runs: Time (s): cpu = 00:05:46 ; elapsed = 00:06:04 . Memory (MB): peak = 2022.473 ; gain = 0.000 ; free physical = 4731 ; free virtual = 13931
# if {[get_property PROGRESS [get_runs synth_1]] ne "100%"} {
#     puts stderr "build_bitstream.tcl: synth_1 did not complete (status: [get_property STATUS [get_runs synth_1]])"
#     exit 1
# }
# reset_run impl_1
# launch_runs impl_1 -to_step route_design -jobs 4
[Sun Aug  2 22:19:43 2026] Launched impl_1...
Run output will be captured here: /home/fabio/AltoNivel/DFS/src/vivado/dfs_system/dfs_system.runs/impl_1/runme.log
launch_runs: Time (s): cpu = 00:00:05 ; elapsed = 00:00:06 . Memory (MB): peak = 2022.473 ; gain = 0.000 ; free physical = 4601 ; free virtual = 13839
# wait_on_run impl_1
[Sun Aug  2 22:19:43 2026] Waiting for impl_1 to finish...

*** Running vivado
    with args -log system_wrapper.vdi -applog -m64 -product Vivado -messageDb vivado.pb -mode batch -source system_wrapper.tcl -notrace


****** Vivado v2024.1 (64-bit)
  **** SW Build 5076996 on Wed May 22 18:36:09 MDT 2024
  **** IP Build 5075265 on Wed May 22 21:45:21 MDT 2024
  **** SharedData Build 5076995 on Wed May 22 18:29:18 MDT 2024
  **** Start of session at: Sun Aug  2 22:19:49 2026
    ** Copyright 1986-2022 Xilinx, Inc. All Rights Reserved.
    ** Copyright 2022-2024 Advanced Micro Devices, Inc. All Rights Reserved.

source system_wrapper.tcl -notrace
create_project: Time (s): cpu = 00:00:29 ; elapsed = 00:00:29 . Memory (MB): peak = 1376.629 ; gain = 34.809 ; free physical = 4320 ; free virtual = 13518
INFO: [IP_Flow 19-234] Refreshing IP repositories
INFO: [IP_Flow 19-1700] Loaded user IP repository '/home/fabio/AltoNivel/DFS/dfs_accel_prj/solution1/impl/ip'.
INFO: [IP_Flow 19-2313] Loaded Vivado IP repository '/tools/Xilinx/Vivado/2024.1/data/ip'.
add_files: Time (s): cpu = 00:00:10 ; elapsed = 00:00:10 . Memory (MB): peak = 1433.168 ; gain = 44.664 ; free physical = 4291 ; free virtual = 13453
Command: link_design -top system_wrapper -part xck26-sfvc784-2LV-c
Design is defaulting to srcset: sources_1
Design is defaulting to constrset: constrs_1
INFO: [Device 21-403] Loading part xck26-sfvc784-2LV-c
INFO: [Project 1-454] Reading design checkpoint '/home/fabio/AltoNivel/DFS/src/vivado/dfs_system/dfs_system.gen/sources_1/bd/system/ip/system_dfs_accel_0_0/system_dfs_accel_0_0.dcp' for cell 'system_i/dfs_accel_0'
INFO: [Project 1-454] Reading design checkpoint '/home/fabio/AltoNivel/DFS/src/vivado/dfs_system/dfs_system.gen/sources_1/bd/system/ip/system_proc_sys_reset_0_0/system_proc_sys_reset_0_0.dcp' for cell 'system_i/proc_sys_reset_0'
INFO: [Project 1-454] Reading design checkpoint '/home/fabio/AltoNivel/DFS/src/vivado/dfs_system/dfs_system.gen/sources_1/bd/system/ip/system_smartconnect_ctrl_0/system_smartconnect_ctrl_0.dcp' for cell 'system_i/smartconnect_ctrl'
INFO: [Project 1-454] Reading design checkpoint '/home/fabio/AltoNivel/DFS/src/vivado/dfs_system/dfs_system.gen/sources_1/bd/system/ip/system_smartconnect_data_0/system_smartconnect_data_0.dcp' for cell 'system_i/smartconnect_data'
INFO: [Project 1-454] Reading design checkpoint '/home/fabio/AltoNivel/DFS/src/vivado/dfs_system/dfs_system.gen/sources_1/bd/system/ip/system_zynq_ultra_ps_e_0_0/system_zynq_ultra_ps_e_0_0.dcp' for cell 'system_i/zynq_ultra_ps_e_0'
Netlist sorting complete. Time (s): cpu = 00:00:01 ; elapsed = 00:00:01 . Memory (MB): peak = 2392.395 ; gain = 0.000 ; free physical = 3269 ; free virtual = 12439
INFO: [Netlist 29-17] Analyzing 1378 Unisim elements for replacement
INFO: [Netlist 29-28] Unisim Transformation completed in 2 CPU seconds
INFO: [Project 1-479] Netlist was created with Vivado 2024.1
INFO: [Project 1-570] Preparing netlist for logic optimization
Parsing XDC File [/home/fabio/AltoNivel/DFS/src/vivado/dfs_system/dfs_system.gen/sources_1/bd/system/ip/system_smartconnect_data_0/bd_0/ip/ip_11/bd_6415_sarn_0_clocks.xdc] for cell 'system_i/smartconnect_data/inst/s00_nodes/s00_ar_node/inst'
WARNING: [Vivado_Tcl 4-921] Waiver ID 'CDC-1' -to list should not be empty. [/home/fabio/AltoNivel/DFS/src/vivado/dfs_system/dfs_system.gen/sources_1/bd/system/ip/system_smartconnect_data_0/bd_0/ip/ip_11/bd_6415_sarn_0_clocks.xdc:49]
WARNING: [Vivado_Tcl 4-921] Waiver ID 'CDC-1' -to list should not be empty. [/home/fabio/AltoNivel/DFS/src/vivado/dfs_system/dfs_system.gen/sources_1/bd/system/ip/system_smartconnect_data_0/bd_0/ip/ip_11/bd_6415_sarn_0_clocks.xdc:52]
WARNING: [Vivado_Tcl 4-921] Waiver ID 'CDC-1' -to list should not be empty. [/home/fabio/AltoNivel/DFS/src/vivado/dfs_system/dfs_system.gen/sources_1/bd/system/ip/system_smartconnect_data_0/bd_0/ip/ip_11/bd_6415_sarn_0_clocks.xdc:55]
WARNING: [Vivado_Tcl 4-921] Waiver ID 'CDC-1' -to list should not be empty. [/home/fabio/AltoNivel/DFS/src/vivado/dfs_system/dfs_system.gen/sources_1/bd/system/ip/system_smartconnect_data_0/bd_0/ip/ip_11/bd_6415_sarn_0_clocks.xdc:59]
WARNING: [Vivado_Tcl 4-921] Waiver ID 'CDC-1' -to list should not be empty. [/home/fabio/AltoNivel/DFS/src/vivado/dfs_system/dfs_system.gen/sources_1/bd/system/ip/system_smartconnect_data_0/bd_0/ip/ip_11/bd_6415_sarn_0_clocks.xdc:63]
WARNING: [Vivado_Tcl 4-921] Waiver ID 'CDC-1' -to list should not be empty. [/home/fabio/AltoNivel/DFS/src/vivado/dfs_system/dfs_system.gen/sources_1/bd/system/ip/system_smartconnect_data_0/bd_0/ip/ip_11/bd_6415_sarn_0_clocks.xdc:66]
WARNING: [Vivado_Tcl 4-921] Waiver ID 'CDC-1' -to list should not be empty. [/home/fabio/AltoNivel/DFS/src/vivado/dfs_system/dfs_system.gen/sources_1/bd/system/ip/system_smartconnect_data_0/bd_0/ip/ip_11/bd_6415_sarn_0_clocks.xdc:70]
WARNING: [Vivado_Tcl 4-921] Waiver ID 'CDC-1' -to list should not be empty. [/home/fabio/AltoNivel/DFS/src/vivado/dfs_system/dfs_system.gen/sources_1/bd/system/ip/system_smartconnect_data_0/bd_0/ip/ip_11/bd_6415_sarn_0_clocks.xdc:73]
WARNING: [Vivado_Tcl 4-921] Waiver ID 'CDC-1' -to list should not be empty. [/home/fabio/AltoNivel/DFS/src/vivado/dfs_system/dfs_system.gen/sources_1/bd/system/ip/system_smartconnect_data_0/bd_0/ip/ip_11/bd_6415_sarn_0_clocks.xdc:76]
WARNING: [Vivado_Tcl 4-921] Waiver ID 'CDC-1' -to list should not be empty. [/home/fabio/AltoNivel/DFS/src/vivado/dfs_system/dfs_system.gen/sources_1/bd/system/ip/system_smartconnect_data_0/bd_0/ip/ip_11/bd_6415_sarn_0_clocks.xdc:79]
WARNING: [Vivado_Tcl 4-921] Waiver ID 'CDC-1' -to list should not be empty. [/home/fabio/AltoNivel/DFS/src/vivado/dfs_system/dfs_system.gen/sources_1/bd/system/ip/system_smartconnect_data_0/bd_0/ip/ip_11/bd_6415_sarn_0_clocks.xdc:82]
WARNING: [Vivado_Tcl 4-921] Waiver ID 'CDC-4' -to list should not be empty. [/home/fabio/AltoNivel/DFS/src/vivado/dfs_system/dfs_system.gen/sources_1/bd/system/ip/system_smartconnect_data_0/bd_0/ip/ip_11/bd_6415_sarn_0_clocks.xdc:85]
WARNING: [Vivado_Tcl 4-921] Waiver ID 'CDC-4' -to list should not be empty. [/home/fabio/AltoNivel/DFS/src/vivado/dfs_system/dfs_system.gen/sources_1/bd/system/ip/system_smartconnect_data_0/bd_0/ip/ip_11/bd_6415_sarn_0_clocks.xdc:88]
WARNING: [Vivado_Tcl 4-921] Waiver ID 'CDC-2' -to list should not be empty. [/home/fabio/AltoNivel/DFS/src/vivado/dfs_system/dfs_system.gen/sources_1/bd/system/ip/system_smartconnect_data_0/bd_0/ip/ip_11/bd_6415_sarn_0_clocks.xdc:91]
WARNING: [Vivado_Tcl 4-921] Waiver ID 'CDC-2' -to list should not be empty. [/home/fabio/AltoNivel/DFS/src/vivado/dfs_system/dfs_system.gen/sources_1/bd/system/ip/system_smartconnect_data_0/bd_0/ip/ip_11/bd_6415_sarn_0_clocks.xdc:94]
WARNING: [Vivado_Tcl 4-921] Waiver ID 'CDC-2' -to list should not be empty. [/home/fabio/AltoNivel/DFS/src/vivado/dfs_system/dfs_system.gen/sources_1/bd/system/ip/system_smartconnect_data_0/bd_0/ip/ip_11/bd_6415_sarn_0_clocks.xdc:97]
WARNING: [Vivado_Tcl 4-921] Waiver ID 'CDC-2' -to list should not be empty. [/home/fabio/AltoNivel/DFS/src/vivado/dfs_system/dfs_system.gen/sources_1/bd/system/ip/system_smartconnect_data_0/bd_0/ip/ip_11/bd_6415_sarn_0_clocks.xdc:100]
WARNING: [Vivado_Tcl 4-921] Waiver ID 'CDC-1' -to list should not be empty. [/home/fabio/AltoNivel/DFS/src/vivado/dfs_system/dfs_system.gen/sources_1/bd/system/ip/system_smartconnect_data_0/bd_0/ip/ip_11/bd_6415_sarn_0_clocks.xdc:104]
WARNING: [Vivado_Tcl 4-921] Waiver ID 'CDC-10' -to list should not be empty. [/home/fabio/AltoNivel/DFS/src/vivado/dfs_system/dfs_system.gen/sources_1/bd/system/ip/system_smartconnect_data_0/bd_0/ip/ip_11/bd_6415_sarn_0_clocks.xdc:107]
WARNING: [Vivado_Tcl 4-921] Waiver ID 'CDC-10' -to list should not be empty. [/home/fabio/AltoNivel/DFS/src/vivado/dfs_system/dfs_system.gen/sources_1/bd/system/ip/system_smartconnect_data_0/bd_0/ip/ip_11/bd_6415_sarn_0_clocks.xdc:110]
WARNING: [Vivado_Tcl 4-921] Waiver ID 'CDC-1' -to list should not be empty. [/home/fabio/AltoNivel/DFS/src/vivado/dfs_system/dfs_system.gen/sources_1/bd/system/ip/system_smartconnect_data_0/bd_0/ip/ip_11/bd_6415_sarn_0_clocks.xdc:113]
WARNING: [Vivado_Tcl 4-921] Waiver ID 'CDC-1' -to list should not be empty. [/home/fabio/AltoNivel/DFS/src/vivado/dfs_system/dfs_system.gen/sources_1/bd/system/ip/system_smartconnect_data_0/bd_0/ip/ip_11/bd_6415_sarn_0_clocks.xdc:116]
WARNING: [Vivado_Tcl 4-921] Waiver ID 'CDC-1' -to list should not be empty. [/home/fabio/AltoNivel/DFS/src/vivado/dfs_system/dfs_system.gen/sources_1/bd/system/ip/system_smartconnect_data_0/bd_0/ip/ip_11/bd_6415_sarn_0_clocks.xdc:119]
WARNING: [Vivado_Tcl 4-921] Waiver ID 'CDC-13' -to list should not be empty. [/home/fabio/AltoNivel/DFS/src/vivado/dfs_system/dfs_system.gen/sources_1/bd/system/ip/system_smartconnect_data_0/bd_0/ip/ip_11/bd_6415_sarn_0_clocks.xdc:122]
WARNING: [Vivado_Tcl 4-921] Waiver ID 'CDC-1' -to list should not be empty. [/home/fabio/AltoNivel/DFS/src/vivado/dfs_system/dfs_system.gen/sources_1/bd/system/ip/system_smartconnect_data_0/bd_0/ip/ip_11/bd_6415_sarn_0_clocks.xdc:125]
WARNING: [Vivado_Tcl 4-921] Waiver ID 'CDC-1' -to list should not be empty. [/home/fabio/AltoNivel/DFS/src/vivado/dfs_system/dfs_system.gen/sources_1/bd/system/ip/system_smartconnect_data_0/bd_0/ip/ip_11/bd_6415_sarn_0_clocks.xdc:128]
WARNING: [Vivado_Tcl 4-921] Waiver ID 'CDC-13' -to list should not be empty. [/home/fabio/AltoNivel/DFS/src/vivado/dfs_system/dfs_system.gen/sources_1/bd/system/ip/system_smartconnect_data_0/bd_0/ip/ip_11/bd_6415_sarn_0_clocks.xdc:131]
WARNING: [Vivado_Tcl 4-921] Waiver ID 'CDC-1' -to list should not be empty. [/home/fabio/AltoNivel/DFS/src/vivado/dfs_system/dfs_system.gen/sources_1/bd/system/ip/system_smartconnect_data_0/bd_0/ip/ip_11/bd_6415_sarn_0_clocks.xdc:134]
WARNING: [Vivado_Tcl 4-921] Waiver ID 'CDC-10' -to list should not be empty. [/home/fabio/AltoNivel/DFS/src/vivado/dfs_system/dfs_system.gen/sources_1/bd/system/ip/system_smartconnect_data_0/bd_0/ip/ip_11/bd_6415_sarn_0_clocks.xdc:137]
WARNING: [Vivado_Tcl 4-921] Waiver ID 'CDC-1' -to list should not be empty. [/home/fabio/AltoNivel/DFS/src/vivado/dfs_system/dfs_system.gen/sources_1/bd/system/ip/system_smartconnect_data_0/bd_0/ip/ip_11/bd_6415_sarn_0_clocks.xdc:140]
WARNING: [Vivado_Tcl 4-921] Waiver ID 'CDC-1' -to list should not be empty. [/home/fabio/AltoNivel/DFS/src/vivado/dfs_system/dfs_system.gen/sources_1/bd/system/ip/system_smartconnect_data_0/bd_0/ip/ip_11/bd_6415_sarn_0_clocks.xdc:143]
WARNING: [Vivado_Tcl 4-921] Waiver ID 'CDC-1' -to list should not be empty. [/home/fabio/AltoNivel/DFS/src/vivado/dfs_system/dfs_system.gen/sources_1/bd/system/ip/system_smartconnect_data_0/bd_0/ip/ip_11/bd_6415_sarn_0_clocks.xdc:146]
WARNING: [Vivado_Tcl 4-921] Waiver ID 'CDC-2' -to list should not be empty. [/home/fabio/AltoNivel/DFS/src/vivado/dfs_system/dfs_system.gen/sources_1/bd/system/ip/system_smartconnect_data_0/bd_0/ip/ip_11/bd_6415_sarn_0_clocks.xdc:149]
WARNING: [Vivado_Tcl 4-921] Waiver ID 'CDC-1' -to list should not be empty. [/home/fabio/AltoNivel/DFS/src/vivado/dfs_system/dfs_system.gen/sources_1/bd/system/ip/system_smartconnect_data_0/bd_0/ip/ip_11/bd_6415_sarn_0_clocks.xdc:152]
WARNING: [Vivado_Tcl 4-921] Waiver ID 'CDC-1' -to list should not be empty. [/home/fabio/AltoNivel/DFS/src/vivado/dfs_system/dfs_system.gen/sources_1/bd/system/ip/system_smartconnect_data_0/bd_0/ip/ip_11/bd_6415_sarn_0_clocks.xdc:155]
WARNING: [Vivado_Tcl 4-921] Waiver ID 'CDC-10' -to list should not be empty. [/home/fabio/AltoNivel/DFS/src/vivado/dfs_system/dfs_system.gen/sources_1/bd/system/ip/system_smartconnect_data_0/bd_0/ip/ip_11/bd_6415_sarn_0_clocks.xdc:161]
WARNING: [Vivado_Tcl 4-921] Waiver ID 'CDC-4' -to list should not be empty. [/home/fabio/AltoNivel/DFS/src/vivado/dfs_system/dfs_system.gen/sources_1/bd/system/ip/system_smartconnect_data_0/bd_0/ip/ip_11/bd_6415_sarn_0_clocks.xdc:164]
WARNING: [Vivado_Tcl 4-921] Waiver ID 'CDC-4' -to list should not be empty. [/home/fabio/AltoNivel/DFS/src/vivado/dfs_system/dfs_system.gen/sources_1/bd/system/ip/system_smartconnect_data_0/bd_0/ip/ip_11/bd_6415_sarn_0_clocks.xdc:167]
WARNING: [Vivado_Tcl 4-921] Waiver ID 'CDC-4' -to list should not be empty. [/home/fabio/AltoNivel/DFS/src/vivado/dfs_system/dfs_system.gen/sources_1/bd/system/ip/system_smartconnect_data_0/bd_0/ip/ip_11/bd_6415_sarn_0_clocks.xdc:171]
WARNING: [Vivado_Tcl 4-921] Waiver ID 'CDC-4' -to list should not be empty. [/home/fabio/AltoNivel/DFS/src/vivado/dfs_system/dfs_system.gen/sources_1/bd/system/ip/system_smartconnect_data_0/bd_0/ip/ip_11/bd_6415_sarn_0_clocks.xdc:174]
WARNING: [Vivado_Tcl 4-921] Waiver ID 'CDC-1' -to list should not be empty. [/home/fabio/AltoNivel/DFS/src/vivado/dfs_system/dfs_system.gen/sources_1/bd/system/ip/system_smartconnect_data_0/bd_0/ip/ip_11/bd_6415_sarn_0_clocks.xdc:178]
WARNING: [Vivado_Tcl 4-921] Waiver ID 'CDC-1' -to list should not be empty. [/home/fabio/AltoNivel/DFS/src/vivado/dfs_system/dfs_system.gen/sources_1/bd/system/ip/system_smartconnect_data_0/bd_0/ip/ip_11/bd_6415_sarn_0_clocks.xdc:181]
WARNING: [Vivado_Tcl 4-921] Waiver ID 'CDC-13' -to list should not be empty. [/home/fabio/AltoNivel/DFS/src/vivado/dfs_system/dfs_system.gen/sources_1/bd/system/ip/system_smartconnect_data_0/bd_0/ip/ip_11/bd_6415_sarn_0_clocks.xdc:184]
Finished Parsing XDC File [/home/fabio/AltoNivel/DFS/src/vivado/dfs_system/dfs_system.gen/sources_1/bd/system/ip/system_smartconnect_data_0/bd_0/ip/ip_11/bd_6415_sarn_0_clocks.xdc] for cell 'system_i/smartconnect_data/inst/s00_nodes/s00_ar_node/inst'
Parsing XDC File [/home/fabio/AltoNivel/DFS/src/vivado/dfs_system/dfs_system.gen/sources_1/bd/system/ip/system_smartconnect_data_0/smartconnect.xdc] for cell 'system_i/smartconnect_data/inst'
WARNING: [Vivado_Tcl 4-919] Waiver ID 'CDC-1' -from list should not be empty. [/home/fabio/AltoNivel/DFS/src/vivado/dfs_system/dfs_system.gen/sources_1/bd/system/ip/system_smartconnect_data_0/smartconnect.xdc:1]
WARNING: [Vivado_Tcl 4-921] Waiver ID 'CDC-1' -to list should not be empty. [/home/fabio/AltoNivel/DFS/src/vivado/dfs_system/dfs_system.gen/sources_1/bd/system/ip/system_smartconnect_data_0/smartconnect.xdc:2]
WARNING: [Vivado_Tcl 4-921] Waiver ID 'CDC-1' -to list should not be empty. [/home/fabio/AltoNivel/DFS/src/vivado/dfs_system/dfs_system.gen/sources_1/bd/system/ip/system_smartconnect_data_0/smartconnect.xdc:3]
WARNING: [Vivado_Tcl 4-921] Waiver ID 'CDC-1' -to list should not be empty. [/home/fabio/AltoNivel/DFS/src/vivado/dfs_system/dfs_system.gen/sources_1/bd/system/ip/system_smartconnect_data_0/smartconnect.xdc:4]
WARNING: [Vivado_Tcl 4-921] Waiver ID 'CDC-1' -to list should not be empty. [/home/fabio/AltoNivel/DFS/src/vivado/dfs_system/dfs_system.gen/sources_1/bd/system/ip/system_smartconnect_data_0/smartconnect.xdc:5]
WARNING: [Vivado_Tcl 4-921] Waiver ID 'CDC-1' -to list should not be empty. [/home/fabio/AltoNivel/DFS/src/vivado/dfs_system/dfs_system.gen/sources_1/bd/system/ip/system_smartconnect_data_0/smartconnect.xdc:6]
WARNING: [Vivado_Tcl 4-921] Waiver ID 'CDC-1' -to list should not be empty. [/home/fabio/AltoNivel/DFS/src/vivado/dfs_system/dfs_system.gen/sources_1/bd/system/ip/system_smartconnect_data_0/smartconnect.xdc:7]
WARNING: [Vivado_Tcl 4-921] Waiver ID 'CDC-1' -to list should not be empty. [/home/fabio/AltoNivel/DFS/src/vivado/dfs_system/dfs_system.gen/sources_1/bd/system/ip/system_smartconnect_data_0/smartconnect.xdc:8]
WARNING: [Vivado_Tcl 4-921] Waiver ID 'CDC-1' -to list should not be empty. [/home/fabio/AltoNivel/DFS/src/vivado/dfs_system/dfs_system.gen/sources_1/bd/system/ip/system_smartconnect_data_0/smartconnect.xdc:9]
WARNING: [Vivado_Tcl 4-921] Waiver ID 'CDC-1' -to list should not be empty. [/home/fabio/AltoNivel/DFS/src/vivado/dfs_system/dfs_system.gen/sources_1/bd/system/ip/system_smartconnect_data_0/smartconnect.xdc:10]
Finished Parsing XDC File [/home/fabio/AltoNivel/DFS/src/vivado/dfs_system/dfs_system.gen/sources_1/bd/system/ip/system_smartconnect_data_0/smartconnect.xdc] for cell 'system_i/smartconnect_data/inst'
Parsing XDC File [/home/fabio/AltoNivel/DFS/src/vivado/dfs_system/dfs_system.gen/sources_1/bd/system/ip/system_smartconnect_data_0/bd_0/ip/ip_31/bd_6415_m00bn_0_clocks.xdc] for cell 'system_i/smartconnect_data/inst/m00_nodes/m00_b_node/inst'
WARNING: [Vivado_Tcl 4-921] Waiver ID 'CDC-1' -to list should not be empty. [/home/fabio/AltoNivel/DFS/src/vivado/dfs_system/dfs_system.gen/sources_1/bd/system/ip/system_smartconnect_data_0/bd_0/ip/ip_31/bd_6415_m00bn_0_clocks.xdc:49]
WARNING: [Vivado_Tcl 4-921] Waiver ID 'CDC-1' -to list should not be empty. [/home/fabio/AltoNivel/DFS/src/vivado/dfs_system/dfs_system.gen/sources_1/bd/system/ip/system_smartconnect_data_0/bd_0/ip/ip_31/bd_6415_m00bn_0_clocks.xdc:52]
WARNING: [Vivado_Tcl 4-921] Waiver ID 'CDC-1' -to list should not be empty. [/home/fabio/AltoNivel/DFS/src/vivado/dfs_system/dfs_system.gen/sources_1/bd/system/ip/system_smartconnect_data_0/bd_0/ip/ip_31/bd_6415_m00bn_0_clocks.xdc:55]
WARNING: [Vivado_Tcl 4-921] Waiver ID 'CDC-1' -to list should not be empty. [/home/fabio/AltoNivel/DFS/src/vivado/dfs_system/dfs_system.gen/sources_1/bd/system/ip/system_smartconnect_data_0/bd_0/ip/ip_31/bd_6415_m00bn_0_clocks.xdc:59]
WARNING: [Vivado_Tcl 4-921] Waiver ID 'CDC-1' -to list should not be empty. [/home/fabio/AltoNivel/DFS/src/vivado/dfs_system/dfs_system.gen/sources_1/bd/system/ip/system_smartconnect_data_0/bd_0/ip/ip_31/bd_6415_m00bn_0_clocks.xdc:63]
WARNING: [Vivado_Tcl 4-921] Waiver ID 'CDC-1' -to list should not be empty. [/home/fabio/AltoNivel/DFS/src/vivado/dfs_system/dfs_system.gen/sources_1/bd/system/ip/system_smartconnect_data_0/bd_0/ip/ip_31/bd_6415_m00bn_0_clocks.xdc:66]
WARNING: [Vivado_Tcl 4-921] Waiver ID 'CDC-1' -to list should not be empty. [/home/fabio/AltoNivel/DFS/src/vivado/dfs_system/dfs_system.gen/sources_1/bd/system/ip/system_smartconnect_data_0/bd_0/ip/ip_31/bd_6415_m00bn_0_clocks.xdc:70]
WARNING: [Vivado_Tcl 4-921] Waiver ID 'CDC-1' -to list should not be empty. [/home/fabio/AltoNivel/DFS/src/vivado/dfs_system/dfs_system.gen/sources_1/bd/system/ip/system_smartconnect_data_0/bd_0/ip/ip_31/bd_6415_m00bn_0_clocks.xdc:73]
WARNING: [Vivado_Tcl 4-921] Waiver ID 'CDC-1' -to list should not be empty. [/home/fabio/AltoNivel/DFS/src/vivado/dfs_system/dfs_system.gen/sources_1/bd/system/ip/system_smartconnect_data_0/bd_0/ip/ip_31/bd_6415_m00bn_0_clocks.xdc:76]
WARNING: [Vivado_Tcl 4-921] Waiver ID 'CDC-1' -to list should not be empty. [/home/fabio/AltoNivel/DFS/src/vivado/dfs_system/dfs_system.gen/sources_1/bd/system/ip/system_smartconnect_data_0/bd_0/ip/ip_31/bd_6415_m00bn_0_clocks.xdc:79]
WARNING: [Vivado_Tcl 4-921] Waiver ID 'CDC-4' -to list should not be empty. [/home/fabio/AltoNivel/DFS/src/vivado/dfs_system/dfs_system.gen/sources_1/bd/system/ip/system_smartconnect_data_0/bd_0/ip/ip_31/bd_6415_m00bn_0_clocks.xdc:85]
WARNING: [Vivado_Tcl 4-921] Waiver ID 'CDC-4' -to list should not be empty. [/home/fabio/AltoNivel/DFS/src/vivado/dfs_system/dfs_system.gen/sources_1/bd/system/ip/system_smartconnect_data_0/bd_0/ip/ip_31/bd_6415_m00bn_0_clocks.xdc:88]
WARNING: [Vivado_Tcl 4-921] Waiver ID 'CDC-2' -to list should not be empty. [/home/fabio/AltoNivel/DFS/src/vivado/dfs_system/dfs_system.gen/sources_1/bd/system/ip/system_smartconnect_data_0/bd_0/ip/ip_31/bd_6415_m00bn_0_clocks.xdc:91]
WARNING: [Vivado_Tcl 4-921] Waiver ID 'CDC-2' -to list should not be empty. [/home/fabio/AltoNivel/DFS/src/vivado/dfs_system/dfs_system.gen/sources_1/bd/system/ip/system_smartconnect_data_0/bd_0/ip/ip_31/bd_6415_m00bn_0_clocks.xdc:94]
WARNING: [Vivado_Tcl 4-921] Waiver ID 'CDC-2' -to list should not be empty. [/home/fabio/AltoNivel/DFS/src/vivado/dfs_system/dfs_system.gen/sources_1/bd/system/ip/system_smartconnect_data_0/bd_0/ip/ip_31/bd_6415_m00bn_0_clocks.xdc:97]
WARNING: [Vivado_Tcl 4-921] Waiver ID 'CDC-2' -to list should not be empty. [/home/fabio/AltoNivel/DFS/src/vivado/dfs_system/dfs_system.gen/sources_1/bd/system/ip/system_smartconnect_data_0/bd_0/ip/ip_31/bd_6415_m00bn_0_clocks.xdc:100]
WARNING: [Vivado_Tcl 4-921] Waiver ID 'CDC-1' -to list should not be empty. [/home/fabio/AltoNivel/DFS/src/vivado/dfs_system/dfs_system.gen/sources_1/bd/system/ip/system_smartconnect_data_0/bd_0/ip/ip_31/bd_6415_m00bn_0_clocks.xdc:104]
WARNING: [Vivado_Tcl 4-921] Waiver ID 'CDC-10' -to list should not be empty. [/home/fabio/AltoNivel/DFS/src/vivado/dfs_system/dfs_system.gen/sources_1/bd/system/ip/system_smartconnect_data_0/bd_0/ip/ip_31/bd_6415_m00bn_0_clocks.xdc:107]
WARNING: [Vivado_Tcl 4-921] Waiver ID 'CDC-10' -to list should not be empty. [/home/fabio/AltoNivel/DFS/src/vivado/dfs_system/dfs_system.gen/sources_1/bd/system/ip/system_smartconnect_data_0/bd_0/ip/ip_31/bd_6415_m00bn_0_clocks.xdc:110]
WARNING: [Vivado_Tcl 4-921] Waiver ID 'CDC-1' -to list should not be empty. [/home/fabio/AltoNivel/DFS/src/vivado/dfs_system/dfs_system.gen/sources_1/bd/system/ip/system_smartconnect_data_0/bd_0/ip/ip_31/bd_6415_m00bn_0_clocks.xdc:113]
WARNING: [Vivado_Tcl 4-921] Waiver ID 'CDC-1' -to list should not be empty. [/home/fabio/AltoNivel/DFS/src/vivado/dfs_system/dfs_system.gen/sources_1/bd/system/ip/system_smartconnect_data_0/bd_0/ip/ip_31/bd_6415_m00bn_0_clocks.xdc:116]
WARNING: [Vivado_Tcl 4-921] Waiver ID 'CDC-1' -to list should not be empty. [/home/fabio/AltoNivel/DFS/src/vivado/dfs_system/dfs_system.gen/sources_1/bd/system/ip/system_smartconnect_data_0/bd_0/ip/ip_31/bd_6415_m00bn_0_clocks.xdc:119]
WARNING: [Vivado_Tcl 4-921] Waiver ID 'CDC-13' -to list should not be empty. [/home/fabio/AltoNivel/DFS/src/vivado/dfs_system/dfs_system.gen/sources_1/bd/system/ip/system_smartconnect_data_0/bd_0/ip/ip_31/bd_6415_m00bn_0_clocks.xdc:122]
WARNING: [Vivado_Tcl 4-921] Waiver ID 'CDC-1' -to list should not be empty. [/home/fabio/AltoNivel/DFS/src/vivado/dfs_system/dfs_system.gen/sources_1/bd/system/ip/system_smartconnect_data_0/bd_0/ip/ip_31/bd_6415_m00bn_0_clocks.xdc:125]
WARNING: [Vivado_Tcl 4-921] Waiver ID 'CDC-1' -to list should not be empty. [/home/fabio/AltoNivel/DFS/src/vivado/dfs_system/dfs_system.gen/sources_1/bd/system/ip/system_smartconnect_data_0/bd_0/ip/ip_31/bd_6415_m00bn_0_clocks.xdc:128]
WARNING: [Vivado_Tcl 4-921] Waiver ID 'CDC-13' -to list should not be empty. [/home/fabio/AltoNivel/DFS/src/vivado/dfs_system/dfs_system.gen/sources_1/bd/system/ip/system_smartconnect_data_0/bd_0/ip/ip_31/bd_6415_m00bn_0_clocks.xdc:131]
WARNING: [Vivado_Tcl 4-921] Waiver ID 'CDC-1' -to list should not be empty. [/home/fabio/AltoNivel/DFS/src/vivado/dfs_system/dfs_system.gen/sources_1/bd/system/ip/system_smartconnect_data_0/bd_0/ip/ip_31/bd_6415_m00bn_0_clocks.xdc:134]
WARNING: [Vivado_Tcl 4-921] Waiver ID 'CDC-10' -to list should not be empty. [/home/fabio/AltoNivel/DFS/src/vivado/dfs_system/dfs_system.gen/sources_1/bd/system/ip/system_smartconnect_data_0/bd_0/ip/ip_31/bd_6415_m00bn_0_clocks.xdc:137]
WARNING: [Vivado_Tcl 4-921] Waiver ID 'CDC-1' -to list should not be empty. [/home/fabio/AltoNivel/DFS/src/vivado/dfs_system/dfs_system.gen/sources_1/bd/system/ip/system_smartconnect_data_0/bd_0/ip/ip_31/bd_6415_m00bn_0_clocks.xdc:140]
WARNING: [Vivado_Tcl 4-921] Waiver ID 'CDC-1' -to list should not be empty. [/home/fabio/AltoNivel/DFS/src/vivado/dfs_system/dfs_system.gen/sources_1/bd/system/ip/system_smartconnect_data_0/bd_0/ip/ip_31/bd_6415_m00bn_0_clocks.xdc:143]
WARNING: [Vivado_Tcl 4-921] Waiver ID 'CDC-1' -to list should not be empty. [/home/fabio/AltoNivel/DFS/src/vivado/dfs_system/dfs_system.gen/sources_1/bd/system/ip/system_smartconnect_data_0/bd_0/ip/ip_31/bd_6415_m00bn_0_clocks.xdc:146]
WARNING: [Vivado_Tcl 4-921] Waiver ID 'CDC-2' -to list should not be empty. [/home/fabio/AltoNivel/DFS/src/vivado/dfs_system/dfs_system.gen/sources_1/bd/system/ip/system_smartconnect_data_0/bd_0/ip/ip_31/bd_6415_m00bn_0_clocks.xdc:149]
WARNING: [Vivado_Tcl 4-921] Waiver ID 'CDC-1' -to list should not be empty. [/home/fabio/AltoNivel/DFS/src/vivado/dfs_system/dfs_system.gen/sources_1/bd/system/ip/system_smartconnect_data_0/bd_0/ip/ip_31/bd_6415_m00bn_0_clocks.xdc:152]
WARNING: [Vivado_Tcl 4-921] Waiver ID 'CDC-1' -to list should not be empty. [/home/fabio/AltoNivel/DFS/src/vivado/dfs_system/dfs_system.gen/sources_1/bd/system/ip/system_smartconnect_data_0/bd_0/ip/ip_31/bd_6415_m00bn_0_clocks.xdc:155]
WARNING: [Vivado_Tcl 4-921] Waiver ID 'CDC-10' -to list should not be empty. [/home/fabio/AltoNivel/DFS/src/vivado/dfs_system/dfs_system.gen/sources_1/bd/system/ip/system_smartconnect_data_0/bd_0/ip/ip_31/bd_6415_m00bn_0_clocks.xdc:161]
WARNING: [Vivado_Tcl 4-921] Waiver ID 'CDC-4' -to list should not be empty. [/home/fabio/AltoNivel/DFS/src/vivado/dfs_system/dfs_system.gen/sources_1/bd/system/ip/system_smartconnect_data_0/bd_0/ip/ip_31/bd_6415_m00bn_0_clocks.xdc:164]
WARNING: [Vivado_Tcl 4-921] Waiver ID 'CDC-4' -to list should not be empty. [/home/fabio/AltoNivel/DFS/src/vivado/dfs_system/dfs_system.gen/sources_1/bd/system/ip/system_smartconnect_data_0/bd_0/ip/ip_31/bd_6415_m00bn_0_clocks.xdc:167]
WARNING: [Vivado_Tcl 4-921] Waiver ID 'CDC-4' -to list should not be empty. [/home/fabio/AltoNivel/DFS/src/vivado/dfs_system/dfs_system.gen/sources_1/bd/system/ip/system_smartconnect_data_0/bd_0/ip/ip_31/bd_6415_m00bn_0_clocks.xdc:171]
WARNING: [Vivado_Tcl 4-921] Waiver ID 'CDC-4' -to list should not be empty. [/home/fabio/AltoNivel/DFS/src/vivado/dfs_system/dfs_system.gen/sources_1/bd/system/ip/system_smartconnect_data_0/bd_0/ip/ip_31/bd_6415_m00bn_0_clocks.xdc:174]
INFO: [Common 17-14] Message 'Vivado 12-180' appears 100 times and further instances of the messages will be disabled. Use the Tcl command set_msg_config to change the current settings. [/home/fabio/AltoNivel/DFS/src/vivado/dfs_system/dfs_system.gen/sources_1/bd/system/ip/system_smartconnect_data_0/bd_0/ip/ip_31/bd_6415_m00bn_0_clocks.xdc:178]
WARNING: [Vivado_Tcl 4-921] Waiver ID 'CDC-1' -to list should not be empty. [/home/fabio/AltoNivel/DFS/src/vivado/dfs_system/dfs_system.gen/sources_1/bd/system/ip/system_smartconnect_data_0/bd_0/ip/ip_31/bd_6415_m00bn_0_clocks.xdc:178]
WARNING: [Vivado_Tcl 4-921] Waiver ID 'CDC-1' -to list should not be empty. [/home/fabio/AltoNivel/DFS/src/vivado/dfs_system/dfs_system.gen/sources_1/bd/system/ip/system_smartconnect_data_0/bd_0/ip/ip_31/bd_6415_m00bn_0_clocks.xdc:181]
WARNING: [Vivado_Tcl 4-921] Waiver ID 'CDC-13' -to list should not be empty. [/home/fabio/AltoNivel/DFS/src/vivado/dfs_system/dfs_system.gen/sources_1/bd/system/ip/system_smartconnect_data_0/bd_0/ip/ip_31/bd_6415_m00bn_0_clocks.xdc:184]
Finished Parsing XDC File [/home/fabio/AltoNivel/DFS/src/vivado/dfs_system/dfs_system.gen/sources_1/bd/system/ip/system_smartconnect_data_0/bd_0/ip/ip_31/bd_6415_m00bn_0_clocks.xdc] for cell 'system_i/smartconnect_data/inst/m00_nodes/m00_b_node/inst'
Parsing XDC File [/home/fabio/AltoNivel/DFS/src/vivado/dfs_system/dfs_system.gen/sources_1/bd/system/ip/system_smartconnect_data_0/bd_0/ip/ip_30/bd_6415_m00wn_0_clocks.xdc] for cell 'system_i/smartconnect_data/inst/m00_nodes/m00_w_node/inst'
WARNING: [Vivado_Tcl 4-921] Waiver ID 'CDC-1' -to list should not be empty. [/home/fabio/AltoNivel/DFS/src/vivado/dfs_system/dfs_system.gen/sources_1/bd/system/ip/system_smartconnect_data_0/bd_0/ip/ip_30/bd_6415_m00wn_0_clocks.xdc:49]
WARNING: [Vivado_Tcl 4-921] Waiver ID 'CDC-1' -to list should not be empty. [/home/fabio/AltoNivel/DFS/src/vivado/dfs_system/dfs_system.gen/sources_1/bd/system/ip/system_smartconnect_data_0/bd_0/ip/ip_30/bd_6415_m00wn_0_clocks.xdc:52]
WARNING: [Vivado_Tcl 4-921] Waiver ID 'CDC-1' -to list should not be empty. [/home/fabio/AltoNivel/DFS/src/vivado/dfs_system/dfs_system.gen/sources_1/bd/system/ip/system_smartconnect_data_0/bd_0/ip/ip_30/bd_6415_m00wn_0_clocks.xdc:55]
WARNING: [Vivado_Tcl 4-921] Waiver ID 'CDC-1' -to list should not be empty. [/home/fabio/AltoNivel/DFS/src/vivado/dfs_system/dfs_system.gen/sources_1/bd/system/ip/system_smartconnect_data_0/bd_0/ip/ip_30/bd_6415_m00wn_0_clocks.xdc:59]
WARNING: [Vivado_Tcl 4-921] Waiver ID 'CDC-1' -to list should not be empty. [/home/fabio/AltoNivel/DFS/src/vivado/dfs_system/dfs_system.gen/sources_1/bd/system/ip/system_smartconnect_data_0/bd_0/ip/ip_30/bd_6415_m00wn_0_clocks.xdc:63]
WARNING: [Vivado_Tcl 4-921] Waiver ID 'CDC-1' -to list should not be empty. [/home/fabio/AltoNivel/DFS/src/vivado/dfs_system/dfs_system.gen/sources_1/bd/system/ip/system_smartconnect_data_0/bd_0/ip/ip_30/bd_6415_m00wn_0_clocks.xdc:66]
INFO: [Common 17-14] Message 'Vivado_Tcl 4-921' appears 100 times and further instances of the messages will be disabled. Use the Tcl command set_msg_config to change the current settings. [/home/fabio/AltoNivel/DFS/src/vivado/dfs_system/dfs_system.gen/sources_1/bd/system/ip/system_smartconnect_data_0/bd_0/ip/ip_30/bd_6415_m00wn_0_clocks.xdc:66]
Finished Parsing XDC File [/home/fabio/AltoNivel/DFS/src/vivado/dfs_system/dfs_system.gen/sources_1/bd/system/ip/system_smartconnect_data_0/bd_0/ip/ip_30/bd_6415_m00wn_0_clocks.xdc] for cell 'system_i/smartconnect_data/inst/m00_nodes/m00_w_node/inst'
Parsing XDC File [/home/fabio/AltoNivel/DFS/src/vivado/dfs_system/dfs_system.gen/sources_1/bd/system/ip/system_smartconnect_data_0/bd_0/ip/ip_29/bd_6415_m00awn_0_clocks.xdc] for cell 'system_i/smartconnect_data/inst/m00_nodes/m00_aw_node/inst'
Finished Parsing XDC File [/home/fabio/AltoNivel/DFS/src/vivado/dfs_system/dfs_system.gen/sources_1/bd/system/ip/system_smartconnect_data_0/bd_0/ip/ip_29/bd_6415_m00awn_0_clocks.xdc] for cell 'system_i/smartconnect_data/inst/m00_nodes/m00_aw_node/inst'
Parsing XDC File [/home/fabio/AltoNivel/DFS/src/vivado/dfs_system/dfs_system.gen/sources_1/bd/system/ip/system_smartconnect_data_0/bd_0/ip/ip_28/bd_6415_m00rn_0_clocks.xdc] for cell 'system_i/smartconnect_data/inst/m00_nodes/m00_r_node/inst'
Finished Parsing XDC File [/home/fabio/AltoNivel/DFS/src/vivado/dfs_system/dfs_system.gen/sources_1/bd/system/ip/system_smartconnect_data_0/bd_0/ip/ip_28/bd_6415_m00rn_0_clocks.xdc] for cell 'system_i/smartconnect_data/inst/m00_nodes/m00_r_node/inst'
Parsing XDC File [/home/fabio/AltoNivel/DFS/src/vivado/dfs_system/dfs_system.gen/sources_1/bd/system/ip/system_smartconnect_data_0/bd_0/ip/ip_27/bd_6415_m00arn_0_clocks.xdc] for cell 'system_i/smartconnect_data/inst/m00_nodes/m00_ar_node/inst'
Finished Parsing XDC File [/home/fabio/AltoNivel/DFS/src/vivado/dfs_system/dfs_system.gen/sources_1/bd/system/ip/system_smartconnect_data_0/bd_0/ip/ip_27/bd_6415_m00arn_0_clocks.xdc] for cell 'system_i/smartconnect_data/inst/m00_nodes/m00_ar_node/inst'
Parsing XDC File [/home/fabio/AltoNivel/DFS/src/vivado/dfs_system/dfs_system.gen/sources_1/bd/system/ip/system_smartconnect_data_0/bd_0/ip/ip_25/bd_6415_sbn_0_clocks.xdc] for cell 'system_i/smartconnect_data/inst/s02_nodes/s02_b_node/inst'
Finished Parsing XDC File [/home/fabio/AltoNivel/DFS/src/vivado/dfs_system/dfs_system.gen/sources_1/bd/system/ip/system_smartconnect_data_0/bd_0/ip/ip_25/bd_6415_sbn_0_clocks.xdc] for cell 'system_i/smartconnect_data/inst/s02_nodes/s02_b_node/inst'
Parsing XDC File [/home/fabio/AltoNivel/DFS/src/vivado/dfs_system/dfs_system.gen/sources_1/bd/system/ip/system_smartconnect_data_0/bd_0/ip/ip_24/bd_6415_swn_0_clocks.xdc] for cell 'system_i/smartconnect_data/inst/s02_nodes/s02_w_node/inst'
Finished Parsing XDC File [/home/fabio/AltoNivel/DFS/src/vivado/dfs_system/dfs_system.gen/sources_1/bd/system/ip/system_smartconnect_data_0/bd_0/ip/ip_24/bd_6415_swn_0_clocks.xdc] for cell 'system_i/smartconnect_data/inst/s02_nodes/s02_w_node/inst'
Parsing XDC File [/home/fabio/AltoNivel/DFS/src/vivado/dfs_system/dfs_system.gen/sources_1/bd/system/ip/system_smartconnect_data_0/bd_0/ip/ip_23/bd_6415_sawn_0_clocks.xdc] for cell 'system_i/smartconnect_data/inst/s02_nodes/s02_aw_node/inst'
Finished Parsing XDC File [/home/fabio/AltoNivel/DFS/src/vivado/dfs_system/dfs_system.gen/sources_1/bd/system/ip/system_smartconnect_data_0/bd_0/ip/ip_23/bd_6415_sawn_0_clocks.xdc] for cell 'system_i/smartconnect_data/inst/s02_nodes/s02_aw_node/inst'
Parsing XDC File [/home/fabio/AltoNivel/DFS/src/vivado/dfs_system/dfs_system.gen/sources_1/bd/system/ip/system_smartconnect_data_0/bd_0/ip/ip_18/bd_6415_srn_1_clocks.xdc] for cell 'system_i/smartconnect_data/inst/s01_nodes/s01_r_node/inst'
Finished Parsing XDC File [/home/fabio/AltoNivel/DFS/src/vivado/dfs_system/dfs_system.gen/sources_1/bd/system/ip/system_smartconnect_data_0/bd_0/ip/ip_18/bd_6415_srn_1_clocks.xdc] for cell 'system_i/smartconnect_data/inst/s01_nodes/s01_r_node/inst'
Parsing XDC File [/home/fabio/AltoNivel/DFS/src/vivado/dfs_system/dfs_system.gen/sources_1/bd/system/ip/system_smartconnect_data_0/bd_0/ip/ip_17/bd_6415_sarn_1_clocks.xdc] for cell 'system_i/smartconnect_data/inst/s01_nodes/s01_ar_node/inst'
Finished Parsing XDC File [/home/fabio/AltoNivel/DFS/src/vivado/dfs_system/dfs_system.gen/sources_1/bd/system/ip/system_smartconnect_data_0/bd_0/ip/ip_17/bd_6415_sarn_1_clocks.xdc] for cell 'system_i/smartconnect_data/inst/s01_nodes/s01_ar_node/inst'
Parsing XDC File [/home/fabio/AltoNivel/DFS/src/vivado/dfs_system/dfs_system.gen/sources_1/bd/system/ip/system_smartconnect_data_0/bd_0/ip/ip_12/bd_6415_srn_0_clocks.xdc] for cell 'system_i/smartconnect_data/inst/s00_nodes/s00_r_node/inst'
Finished Parsing XDC File [/home/fabio/AltoNivel/DFS/src/vivado/dfs_system/dfs_system.gen/sources_1/bd/system/ip/system_smartconnect_data_0/bd_0/ip/ip_12/bd_6415_srn_0_clocks.xdc] for cell 'system_i/smartconnect_data/inst/s00_nodes/s00_r_node/inst'
Parsing XDC File [/home/fabio/AltoNivel/DFS/src/vivado/dfs_system/dfs_system.gen/sources_1/bd/system/ip/system_zynq_ultra_ps_e_0_0/system_zynq_ultra_ps_e_0_0.xdc] for cell 'system_i/zynq_ultra_ps_e_0/inst'
create_clock: Time (s): cpu = 00:00:23 ; elapsed = 00:00:23 . Memory (MB): peak = 2576.320 ; gain = 30.719 ; free physical = 3218 ; free virtual = 12391
Finished Parsing XDC File [/home/fabio/AltoNivel/DFS/src/vivado/dfs_system/dfs_system.gen/sources_1/bd/system/ip/system_zynq_ultra_ps_e_0_0/system_zynq_ultra_ps_e_0_0.xdc] for cell 'system_i/zynq_ultra_ps_e_0/inst'
Parsing XDC File [/home/fabio/AltoNivel/DFS/src/vivado/dfs_system/dfs_system.gen/sources_1/bd/system/ip/system_smartconnect_data_0/bd_0/ip/ip_1/bd_6415_psr_aclk_0.xdc] for cell 'system_i/smartconnect_data/inst/clk_map/psr_aclk/U0'
Finished Parsing XDC File [/home/fabio/AltoNivel/DFS/src/vivado/dfs_system/dfs_system.gen/sources_1/bd/system/ip/system_smartconnect_data_0/bd_0/ip/ip_1/bd_6415_psr_aclk_0.xdc] for cell 'system_i/smartconnect_data/inst/clk_map/psr_aclk/U0'
Parsing XDC File [/home/fabio/AltoNivel/DFS/src/vivado/dfs_system/dfs_system.gen/sources_1/bd/system/ip/system_smartconnect_data_0/bd_0/ip/ip_1/bd_6415_psr_aclk_0_board.xdc] for cell 'system_i/smartconnect_data/inst/clk_map/psr_aclk/U0'
Finished Parsing XDC File [/home/fabio/AltoNivel/DFS/src/vivado/dfs_system/dfs_system.gen/sources_1/bd/system/ip/system_smartconnect_data_0/bd_0/ip/ip_1/bd_6415_psr_aclk_0_board.xdc] for cell 'system_i/smartconnect_data/inst/clk_map/psr_aclk/U0'
Parsing XDC File [/home/fabio/AltoNivel/DFS/src/vivado/dfs_system/dfs_system.gen/sources_1/bd/system/ip/system_smartconnect_ctrl_0/smartconnect.xdc] for cell 'system_i/smartconnect_ctrl/inst'
WARNING: [Vivado_Tcl 4-919] Waiver ID 'CDC-1' -from list should not be empty. [/home/fabio/AltoNivel/DFS/src/vivado/dfs_system/dfs_system.gen/sources_1/bd/system/ip/system_smartconnect_ctrl_0/smartconnect.xdc:1]
WARNING: [Vivado_Tcl 4-919] Waiver ID 'CDC-1' -from list should not be empty. [/home/fabio/AltoNivel/DFS/src/vivado/dfs_system/dfs_system.gen/sources_1/bd/system/ip/system_smartconnect_ctrl_0/smartconnect.xdc:2]
WARNING: [Vivado_Tcl 4-919] Waiver ID 'CDC-1' -from list should not be empty. [/home/fabio/AltoNivel/DFS/src/vivado/dfs_system/dfs_system.gen/sources_1/bd/system/ip/system_smartconnect_ctrl_0/smartconnect.xdc:6]
Finished Parsing XDC File [/home/fabio/AltoNivel/DFS/src/vivado/dfs_system/dfs_system.gen/sources_1/bd/system/ip/system_smartconnect_ctrl_0/smartconnect.xdc] for cell 'system_i/smartconnect_ctrl/inst'
Parsing XDC File [/home/fabio/AltoNivel/DFS/src/vivado/dfs_system/dfs_system.gen/sources_1/bd/system/ip/system_smartconnect_ctrl_0/bd_0/ip/ip_10/bd_5b88_sbn_0_clocks.xdc] for cell 'system_i/smartconnect_ctrl/inst/s00_nodes/s00_b_node/inst'
WARNING: [Vivado_Tcl 4-935] Waiver ID 'CDC-1' is a duplicate and will not be added again. [/home/fabio/AltoNivel/DFS/src/vivado/dfs_system/dfs_system.gen/sources_1/bd/system/ip/system_smartconnect_ctrl_0/bd_0/ip/ip_10/bd_5b88_sbn_0_clocks.xdc:181]
Finished Parsing XDC File [/home/fabio/AltoNivel/DFS/src/vivado/dfs_system/dfs_system.gen/sources_1/bd/system/ip/system_smartconnect_ctrl_0/bd_0/ip/ip_10/bd_5b88_sbn_0_clocks.xdc] for cell 'system_i/smartconnect_ctrl/inst/s00_nodes/s00_b_node/inst'
Parsing XDC File [/home/fabio/AltoNivel/DFS/src/vivado/dfs_system/dfs_system.gen/sources_1/bd/system/ip/system_smartconnect_ctrl_0/bd_0/ip/ip_9/bd_5b88_swn_0_clocks.xdc] for cell 'system_i/smartconnect_ctrl/inst/s00_nodes/s00_w_node/inst'
WARNING: [Vivado_Tcl 4-935] Waiver ID 'CDC-1' is a duplicate and will not be added again. [/home/fabio/AltoNivel/DFS/src/vivado/dfs_system/dfs_system.gen/sources_1/bd/system/ip/system_smartconnect_ctrl_0/bd_0/ip/ip_9/bd_5b88_swn_0_clocks.xdc:181]
Finished Parsing XDC File [/home/fabio/AltoNivel/DFS/src/vivado/dfs_system/dfs_system.gen/sources_1/bd/system/ip/system_smartconnect_ctrl_0/bd_0/ip/ip_9/bd_5b88_swn_0_clocks.xdc] for cell 'system_i/smartconnect_ctrl/inst/s00_nodes/s00_w_node/inst'
Parsing XDC File [/home/fabio/AltoNivel/DFS/src/vivado/dfs_system/dfs_system.gen/sources_1/bd/system/ip/system_smartconnect_ctrl_0/bd_0/ip/ip_8/bd_5b88_sawn_0_clocks.xdc] for cell 'system_i/smartconnect_ctrl/inst/s00_nodes/s00_aw_node/inst'
WARNING: [Vivado_Tcl 4-935] Waiver ID 'CDC-1' is a duplicate and will not be added again. [/home/fabio/AltoNivel/DFS/src/vivado/dfs_system/dfs_system.gen/sources_1/bd/system/ip/system_smartconnect_ctrl_0/bd_0/ip/ip_8/bd_5b88_sawn_0_clocks.xdc:181]
Finished Parsing XDC File [/home/fabio/AltoNivel/DFS/src/vivado/dfs_system/dfs_system.gen/sources_1/bd/system/ip/system_smartconnect_ctrl_0/bd_0/ip/ip_8/bd_5b88_sawn_0_clocks.xdc] for cell 'system_i/smartconnect_ctrl/inst/s00_nodes/s00_aw_node/inst'
Parsing XDC File [/home/fabio/AltoNivel/DFS/src/vivado/dfs_system/dfs_system.gen/sources_1/bd/system/ip/system_smartconnect_ctrl_0/bd_0/ip/ip_7/bd_5b88_srn_0_clocks.xdc] for cell 'system_i/smartconnect_ctrl/inst/s00_nodes/s00_r_node/inst'
WARNING: [Vivado_Tcl 4-935] Waiver ID 'CDC-1' is a duplicate and will not be added again. [/home/fabio/AltoNivel/DFS/src/vivado/dfs_system/dfs_system.gen/sources_1/bd/system/ip/system_smartconnect_ctrl_0/bd_0/ip/ip_7/bd_5b88_srn_0_clocks.xdc:181]
Finished Parsing XDC File [/home/fabio/AltoNivel/DFS/src/vivado/dfs_system/dfs_system.gen/sources_1/bd/system/ip/system_smartconnect_ctrl_0/bd_0/ip/ip_7/bd_5b88_srn_0_clocks.xdc] for cell 'system_i/smartconnect_ctrl/inst/s00_nodes/s00_r_node/inst'
Parsing XDC File [/home/fabio/AltoNivel/DFS/src/vivado/dfs_system/dfs_system.gen/sources_1/bd/system/ip/system_smartconnect_ctrl_0/bd_0/ip/ip_6/bd_5b88_sarn_0_clocks.xdc] for cell 'system_i/smartconnect_ctrl/inst/s00_nodes/s00_ar_node/inst'
WARNING: [Vivado_Tcl 4-935] Waiver ID 'CDC-1' is a duplicate and will not be added again. [/home/fabio/AltoNivel/DFS/src/vivado/dfs_system/dfs_system.gen/sources_1/bd/system/ip/system_smartconnect_ctrl_0/bd_0/ip/ip_6/bd_5b88_sarn_0_clocks.xdc:181]
Finished Parsing XDC File [/home/fabio/AltoNivel/DFS/src/vivado/dfs_system/dfs_system.gen/sources_1/bd/system/ip/system_smartconnect_ctrl_0/bd_0/ip/ip_6/bd_5b88_sarn_0_clocks.xdc] for cell 'system_i/smartconnect_ctrl/inst/s00_nodes/s00_ar_node/inst'
Parsing XDC File [/home/fabio/AltoNivel/DFS/src/vivado/dfs_system/dfs_system.gen/sources_1/bd/system/ip/system_smartconnect_ctrl_0/bd_0/ip/ip_1/bd_5b88_psr_aclk_0.xdc] for cell 'system_i/smartconnect_ctrl/inst/clk_map/psr_aclk/U0'
Finished Parsing XDC File [/home/fabio/AltoNivel/DFS/src/vivado/dfs_system/dfs_system.gen/sources_1/bd/system/ip/system_smartconnect_ctrl_0/bd_0/ip/ip_1/bd_5b88_psr_aclk_0.xdc] for cell 'system_i/smartconnect_ctrl/inst/clk_map/psr_aclk/U0'
Parsing XDC File [/home/fabio/AltoNivel/DFS/src/vivado/dfs_system/dfs_system.gen/sources_1/bd/system/ip/system_smartconnect_ctrl_0/bd_0/ip/ip_1/bd_5b88_psr_aclk_0_board.xdc] for cell 'system_i/smartconnect_ctrl/inst/clk_map/psr_aclk/U0'
Finished Parsing XDC File [/home/fabio/AltoNivel/DFS/src/vivado/dfs_system/dfs_system.gen/sources_1/bd/system/ip/system_smartconnect_ctrl_0/bd_0/ip/ip_1/bd_5b88_psr_aclk_0_board.xdc] for cell 'system_i/smartconnect_ctrl/inst/clk_map/psr_aclk/U0'
Parsing XDC File [/home/fabio/AltoNivel/DFS/src/vivado/dfs_system/dfs_system.gen/sources_1/bd/system/ip/system_proc_sys_reset_0_0/system_proc_sys_reset_0_0.xdc] for cell 'system_i/proc_sys_reset_0/U0'
Finished Parsing XDC File [/home/fabio/AltoNivel/DFS/src/vivado/dfs_system/dfs_system.gen/sources_1/bd/system/ip/system_proc_sys_reset_0_0/system_proc_sys_reset_0_0.xdc] for cell 'system_i/proc_sys_reset_0/U0'
Parsing XDC File [/home/fabio/AltoNivel/DFS/src/vivado/dfs_system/dfs_system.gen/sources_1/bd/system/ip/system_proc_sys_reset_0_0/system_proc_sys_reset_0_0_board.xdc] for cell 'system_i/proc_sys_reset_0/U0'
Finished Parsing XDC File [/home/fabio/AltoNivel/DFS/src/vivado/dfs_system/dfs_system.gen/sources_1/bd/system/ip/system_proc_sys_reset_0_0/system_proc_sys_reset_0_0_board.xdc] for cell 'system_i/proc_sys_reset_0/U0'
INFO: [Project 1-1714] 64 XPM XDC files have been applied to the design.
INFO: [Opt 31-138] Pushed 0 inverter(s) to 0 load pin(s).
INFO: [Project 1-1687] 754 scoped IP constraints or related sub-commands were skipped due to synthesis logic optimizations usually triggered by constant connectivity or unconnected output pins. To review the skipped constraints and messages, run the command 'set_param netlist.IPMsgFiltering false' before opening the design.
Netlist sorting complete. Time (s): cpu = 00:00:00.01 ; elapsed = 00:00:00.02 . Memory (MB): peak = 3488.762 ; gain = 0.000 ; free physical = 2405 ; free virtual = 11578
INFO: [Project 1-111] Unisim Transformation Summary:
  A total of 694 instances were transformed.
  DSP48E2 => DSP48E2 (DSP_ALU, DSP_A_B_DATA, DSP_C_DATA, DSP_MULTIPLIER, DSP_M_DATA, DSP_OUTPUT, DSP_PREADD, DSP_PREADD_DATA): 50 instances
  RAM16X1D => RAM32X1D (RAMD32(x2)): 1 instance 
  RAM16X1S => RAM32X1S (RAMS32): 339 instances
  RAM256X1S => RAM256X1S (MUXF7(x2), MUXF8, RAMS64E(x4)): 205 instances
  RAM32M => RAM32M (RAMD32(x6), RAMS32(x2)): 1 instance 
  RAM32M16 => RAM32M16 (RAMD32(x14), RAMS32(x2)): 92 instances
  RAM32X1D => RAM32X1D (RAMD32(x2)): 6 instances

19 Infos, 109 Warnings, 0 Critical Warnings and 0 Errors encountered.
link_design completed successfully
link_design: Time (s): cpu = 00:01:49 ; elapsed = 00:01:46 . Memory (MB): peak = 3488.762 ; gain = 2055.594 ; free physical = 2405 ; free virtual = 11578
Command: opt_design
Attempting to get a license for feature 'Implementation' and/or device 'xck26'
INFO: [Common 17-349] Got license for feature 'Implementation' and/or device 'xck26'
Running DRC as a precondition to command opt_design

Starting DRC Task
INFO: [DRC 23-27] Running DRC with 4 threads
INFO: [Project 1-461] DRC finished with 0 Errors
INFO: [Project 1-462] Please refer to the DRC report (report_drc) for more information.

Time (s): cpu = 00:00:09 ; elapsed = 00:00:04 . Memory (MB): peak = 3488.762 ; gain = 0.000 ; free physical = 2427 ; free virtual = 11600

Starting Cache Timing Information Task
INFO: [Timing 38-35] Done setting XDC timing constraints.
Ending Cache Timing Information Task | Checksum: 2496dcba8

Time (s): cpu = 00:00:12 ; elapsed = 00:00:07 . Memory (MB): peak = 3488.762 ; gain = 0.000 ; free physical = 2515 ; free virtual = 11688

Starting Logic Optimization Task

Phase 1 Initialization

Phase 1.1 Core Generation And Design Setup
Phase 1.1 Core Generation And Design Setup | Checksum: 2496dcba8

Time (s): cpu = 00:00:00.02 ; elapsed = 00:00:00.02 . Memory (MB): peak = 3768.570 ; gain = 0.000 ; free physical = 2198 ; free virtual = 11372

Phase 1.2 Setup Constraints And Sort Netlist
Phase 1.2 Setup Constraints And Sort Netlist | Checksum: 2496dcba8

Time (s): cpu = 00:00:00.07 ; elapsed = 00:00:00.07 . Memory (MB): peak = 3768.570 ; gain = 0.000 ; free physical = 2204 ; free virtual = 11378
Phase 1 Initialization | Checksum: 2496dcba8

Time (s): cpu = 00:00:00.07 ; elapsed = 00:00:00.07 . Memory (MB): peak = 3768.570 ; gain = 0.000 ; free physical = 2204 ; free virtual = 11378

Phase 2 Timer Update And Timing Data Collection

Phase 2.1 Timer Update
Phase 2.1 Timer Update | Checksum: 2496dcba8

Time (s): cpu = 00:00:05 ; elapsed = 00:00:02 . Memory (MB): peak = 3768.570 ; gain = 0.000 ; free physical = 2204 ; free virtual = 11377

Phase 2.2 Timing Data Collection
Phase 2.2 Timing Data Collection | Checksum: 2496dcba8

Time (s): cpu = 00:00:05 ; elapsed = 00:00:02 . Memory (MB): peak = 3768.570 ; gain = 0.000 ; free physical = 2192 ; free virtual = 11366
Phase 2 Timer Update And Timing Data Collection | Checksum: 2496dcba8

Time (s): cpu = 00:00:05 ; elapsed = 00:00:02 . Memory (MB): peak = 3768.570 ; gain = 0.000 ; free physical = 2192 ; free virtual = 11366

Phase 3 Retarget
INFO: [Opt 31-1834] Total Chains To Be Transformed Were: 0 AND Number of Transformed insts Created are: 0
INFO: [Opt 31-1566] Pulled 4 inverters resulting in an inversion of 24 pins
INFO: [Opt 31-138] Pushed 81 inverter(s) to 2367 load pin(s).
INFO: [Opt 31-49] Retargeted 0 cell(s).
Phase 3 Retarget | Checksum: 237eab32c

Time (s): cpu = 00:00:08 ; elapsed = 00:00:05 . Memory (MB): peak = 3768.570 ; gain = 0.000 ; free physical = 2203 ; free virtual = 11376
Retarget | Checksum: 237eab32c
INFO: [Opt 31-389] Phase Retarget created 80 cells and removed 442 cells
INFO: [Opt 31-1021] In phase Retarget, 68 netlist objects are constrained preventing optimization. Please run opt_design with -debug_log to get more detail. 

Phase 4 Constant propagation
INFO: [Opt 31-138] Pushed 0 inverter(s) to 0 load pin(s).
Phase 4 Constant propagation | Checksum: 20d0b6064

Time (s): cpu = 00:00:09 ; elapsed = 00:00:06 . Memory (MB): peak = 3768.570 ; gain = 0.000 ; free physical = 2206 ; free virtual = 11379
Constant propagation | Checksum: 20d0b6064
INFO: [Opt 31-389] Phase Constant propagation created 60 cells and removed 672 cells
INFO: [Opt 31-1021] In phase Constant propagation, 68 netlist objects are constrained preventing optimization. Please run opt_design with -debug_log to get more detail. 

Phase 5 Sweep
Phase 5 Sweep | Checksum: 2a45065e5

Time (s): cpu = 00:00:13 ; elapsed = 00:00:11 . Memory (MB): peak = 3768.570 ; gain = 0.000 ; free physical = 2208 ; free virtual = 11381
Sweep | Checksum: 2a45065e5
INFO: [Opt 31-389] Phase Sweep created 0 cells and removed 234 cells
INFO: [Opt 31-1021] In phase Sweep, 86 netlist objects are constrained preventing optimization. Please run opt_design with -debug_log to get more detail. 

Phase 6 BUFG optimization
INFO: [Opt 31-1077] Phase BUFG optimization inserted 0 global clock buffer(s) for CLOCK_LOW_FANOUT.
Phase 6 BUFG optimization | Checksum: 2a45065e5

Time (s): cpu = 00:00:15 ; elapsed = 00:00:12 . Memory (MB): peak = 3768.570 ; gain = 0.000 ; free physical = 2208 ; free virtual = 11381
BUFG optimization | Checksum: 2a45065e5
INFO: [Opt 31-662] Phase BUFG optimization created 0 cells of which 0 are BUFGs and removed 0 cells.

Phase 7 Shift Register Optimization
INFO: [Opt 31-1064] SRL Remap converted 0 SRLs to 0 registers and converted 0 registers of register chains to 0 SRLs
Phase 7 Shift Register Optimization | Checksum: 2a45065e5

Time (s): cpu = 00:00:16 ; elapsed = 00:00:12 . Memory (MB): peak = 3768.570 ; gain = 0.000 ; free physical = 2208 ; free virtual = 11381
Shift Register Optimization | Checksum: 2a45065e5
INFO: [Opt 31-389] Phase Shift Register Optimization created 0 cells and removed 0 cells

Phase 8 Post Processing Netlist
Phase 8 Post Processing Netlist | Checksum: 1c9a96a91

Time (s): cpu = 00:00:16 ; elapsed = 00:00:12 . Memory (MB): peak = 3768.570 ; gain = 0.000 ; free physical = 2207 ; free virtual = 11381
Post Processing Netlist | Checksum: 1c9a96a91
INFO: [Opt 31-389] Phase Post Processing Netlist created 0 cells and removed 0 cells
INFO: [Opt 31-1021] In phase Post Processing Netlist, 68 netlist objects are constrained preventing optimization. Please run opt_design with -debug_log to get more detail. 

Phase 9 Finalization

Phase 9.1 Finalizing Design Cores and Updating Shapes
Phase 9.1 Finalizing Design Cores and Updating Shapes | Checksum: 1ef05c065

Time (s): cpu = 00:00:18 ; elapsed = 00:00:15 . Memory (MB): peak = 3768.570 ; gain = 0.000 ; free physical = 2207 ; free virtual = 11381

Phase 9.2 Verifying Netlist Connectivity

Starting Connectivity Check Task

Time (s): cpu = 00:00:00.12 ; elapsed = 00:00:00.12 . Memory (MB): peak = 3768.570 ; gain = 0.000 ; free physical = 2207 ; free virtual = 11381
Phase 9.2 Verifying Netlist Connectivity | Checksum: 1ef05c065

Time (s): cpu = 00:00:19 ; elapsed = 00:00:15 . Memory (MB): peak = 3768.570 ; gain = 0.000 ; free physical = 2207 ; free virtual = 11381
Phase 9 Finalization | Checksum: 1ef05c065

Time (s): cpu = 00:00:19 ; elapsed = 00:00:15 . Memory (MB): peak = 3768.570 ; gain = 0.000 ; free physical = 2207 ; free virtual = 11381
Opt_design Change Summary
=========================


-------------------------------------------------------------------------------------------------------------------------
|  Phase                        |  #Cells created  |  #Cells Removed  |  #Constrained objects preventing optimizations  |
-------------------------------------------------------------------------------------------------------------------------
|  Retarget                     |              80  |             442  |                                             68  |
|  Constant propagation         |              60  |             672  |                                             68  |
|  Sweep                        |               0  |             234  |                                             86  |
|  BUFG optimization            |               0  |               0  |                                              0  |
|  Shift Register Optimization  |               0  |               0  |                                              0  |
|  Post Processing Netlist      |               0  |               0  |                                             68  |
-------------------------------------------------------------------------------------------------------------------------


Ending Logic Optimization Task | Checksum: 1ef05c065

Time (s): cpu = 00:00:19 ; elapsed = 00:00:15 . Memory (MB): peak = 3768.570 ; gain = 0.000 ; free physical = 2207 ; free virtual = 11381

Starting Power Optimization Task
INFO: [Pwropt 34-132] Skipping clock gating for clocks with a period < 2.00 ns.
INFO: [Pwropt 34-9] Applying IDT optimizations ...
INFO: [Pwropt 34-10] Applying ODC optimizations ...
INFO: [Timing 38-35] Done setting XDC timing constraints.
Running Vector-less Activity Propagation...

Finished Running Vector-less Activity Propagation


Starting PowerOpt Patch Enables Task
INFO: [Pwropt 34-162] WRITE_MODE attribute of 0 BRAM(s) out of a total of 24 has been updated to save power. Run report_power_opt to get a complete listing of the BRAMs updated.
INFO: [Pwropt 34-201] Structural ODC has moved 0 WE to EN ports
Number of BRAM Ports augmented: 2 newly gated: 2 Total Ports: 48
Ending PowerOpt Patch Enables Task | Checksum: 16851e3ab

Time (s): cpu = 00:00:00.57 ; elapsed = 00:00:00.53 . Memory (MB): peak = 4123.953 ; gain = 0.000 ; free physical = 1979 ; free virtual = 11136
Ending Power Optimization Task | Checksum: 16851e3ab

Time (s): cpu = 00:00:31 ; elapsed = 00:00:17 . Memory (MB): peak = 4123.953 ; gain = 355.383 ; free physical = 1979 ; free virtual = 11136

Starting Final Cleanup Task
Ending Final Cleanup Task | Checksum: 16851e3ab

Time (s): cpu = 00:00:00.01 ; elapsed = 00:00:00.01 . Memory (MB): peak = 4123.953 ; gain = 0.000 ; free physical = 1979 ; free virtual = 11136

Starting Netlist Obfuscation Task
Netlist sorting complete. Time (s): cpu = 00:00:00.11 ; elapsed = 00:00:00.11 . Memory (MB): peak = 4123.953 ; gain = 0.000 ; free physical = 1979 ; free virtual = 11136
Ending Netlist Obfuscation Task | Checksum: 156785b98

Time (s): cpu = 00:00:00.12 ; elapsed = 00:00:00.12 . Memory (MB): peak = 4123.953 ; gain = 0.000 ; free physical = 1979 ; free virtual = 11136
INFO: [Common 17-83] Releasing license: Implementation
48 Infos, 109 Warnings, 0 Critical Warnings and 0 Errors encountered.
opt_design completed successfully
opt_design: Time (s): cpu = 00:01:16 ; elapsed = 00:00:49 . Memory (MB): peak = 4123.953 ; gain = 635.191 ; free physical = 1979 ; free virtual = 11136
INFO: [Vivado 12-24828] Executing command : report_drc -file system_wrapper_drc_opted.rpt -pb system_wrapper_drc_opted.pb -rpx system_wrapper_drc_opted.rpx
Command: report_drc -file system_wrapper_drc_opted.rpt -pb system_wrapper_drc_opted.pb -rpx system_wrapper_drc_opted.rpx
INFO: [IP_Flow 19-1839] IP Catalog is up to date.
INFO: [Timing 38-35] Done setting XDC timing constraints.
WARNING: [Device 21-9073] RSS factor Speedmodel not found for intent code NODE_GLOBAL_VDISTR
WARNING: [Device 21-9073] RSS factor Speedmodel not found for intent code NODE_GLOBAL_VROUTE
WARNING: [Device 21-9073] RSS factor Speedmodel not found for intent code NODE_GLOBAL_HDISTR
WARNING: [Device 21-9073] RSS factor Speedmodel not found for intent code NODE_GLOBAL_HROUTE
WARNING: [Device 21-9073] RSS factor Speedmodel not found for intent code NODE_GLOBAL_BUFG
WARNING: [Device 21-9073] RSS factor Speedmodel not found for intent code NODE_GLOBAL_LEAF
INFO: [DRC 23-27] Running DRC with 4 threads
INFO: [Vivado_Tcl 2-168] The results of DRC are in file /home/fabio/AltoNivel/DFS/src/vivado/dfs_system/dfs_system.runs/impl_1/system_wrapper_drc_opted.rpt.
report_drc completed successfully
report_drc: Time (s): cpu = 00:01:06 ; elapsed = 00:00:48 . Memory (MB): peak = 4596.031 ; gain = 472.078 ; free physical = 1343 ; free virtual = 10528
generate_parallel_reports: Time (s): cpu = 00:01:06 ; elapsed = 00:00:48 . Memory (MB): peak = 4596.031 ; gain = 472.078 ; free physical = 1343 ; free virtual = 10528
INFO: [Timing 38-480] Writing timing data to binary archive.
Write ShapeDB Complete: Time (s): cpu = 00:00:00.33 ; elapsed = 00:00:00.14 . Memory (MB): peak = 4596.031 ; gain = 0.000 ; free physical = 1347 ; free virtual = 10527
INFO: [Common 17-1381] The checkpoint '/home/fabio/AltoNivel/DFS/src/vivado/dfs_system/dfs_system.runs/impl_1/system_wrapper_opt.dcp' has been generated.
write_checkpoint: Time (s): cpu = 00:00:09 ; elapsed = 00:00:07 . Memory (MB): peak = 4596.031 ; gain = 0.000 ; free physical = 1253 ; free virtual = 10430
Command: place_design
Attempting to get a license for feature 'Implementation' and/or device 'xck26'
INFO: [Common 17-349] Got license for feature 'Implementation' and/or device 'xck26'
INFO: [Common 17-83] Releasing license: Implementation
INFO: [DRC 23-27] Running DRC with 4 threads
INFO: [Vivado_Tcl 4-198] DRC finished with 0 Errors
INFO: [Vivado_Tcl 4-199] Please refer to the DRC report (report_drc) for more information.
Running DRC as a precondition to command place_design
INFO: [DRC 23-27] Running DRC with 4 threads
INFO: [Vivado_Tcl 4-198] DRC finished with 0 Errors
INFO: [Vivado_Tcl 4-199] Please refer to the DRC report (report_drc) for more information.
INFO: [Place 30-611] Multithreading enabled for place_design using a maximum of 4 CPUs

Starting Placer Task

Phase 1 Placer Initialization

Phase 1.1 Placer Initialization Netlist Sorting
Netlist sorting complete. Time (s): cpu = 00:00:00.01 ; elapsed = 00:00:00.02 . Memory (MB): peak = 4596.031 ; gain = 0.000 ; free physical = 1312 ; free virtual = 10484
Phase 1.1 Placer Initialization Netlist Sorting | Checksum: 12c8a8bfc

Time (s): cpu = 00:00:00.05 ; elapsed = 00:00:00.05 . Memory (MB): peak = 4596.031 ; gain = 0.000 ; free physical = 1312 ; free virtual = 10484
Netlist sorting complete. Time (s): cpu = 00:00:00.01 ; elapsed = 00:00:00.01 . Memory (MB): peak = 4596.031 ; gain = 0.000 ; free physical = 1313 ; free virtual = 10485

Phase 1.2 IO Placement/ Clock Placement/ Build Placer Device
Phase 1.2 IO Placement/ Clock Placement/ Build Placer Device | Checksum: 1babf93ff

Time (s): cpu = 00:00:11 ; elapsed = 00:00:09 . Memory (MB): peak = 4596.031 ; gain = 0.000 ; free physical = 1331 ; free virtual = 10503

Phase 1.3 Build Placer Netlist Model
Phase 1.3 Build Placer Netlist Model | Checksum: 29458cb56

Time (s): cpu = 00:00:40 ; elapsed = 00:00:29 . Memory (MB): peak = 4620.043 ; gain = 24.012 ; free physical = 1343 ; free virtual = 10512

Phase 1.4 Constrain Clocks/Macros
Phase 1.4 Constrain Clocks/Macros | Checksum: 29458cb56

Time (s): cpu = 00:00:41 ; elapsed = 00:00:30 . Memory (MB): peak = 4620.043 ; gain = 24.012 ; free physical = 1343 ; free virtual = 10512
Phase 1 Placer Initialization | Checksum: 29458cb56

Time (s): cpu = 00:00:41 ; elapsed = 00:00:30 . Memory (MB): peak = 4620.043 ; gain = 24.012 ; free physical = 1343 ; free virtual = 10512

Phase 2 Global Placement

Phase 2.1 Floorplanning

Phase 2.1.1 Partition Driven Placement

Phase 2.1.1.1 PBP: Partition Driven Placement
Phase 2.1.1.1 PBP: Partition Driven Placement | Checksum: 200821fee

Time (s): cpu = 00:01:09 ; elapsed = 00:00:44 . Memory (MB): peak = 4620.043 ; gain = 24.012 ; free physical = 1341 ; free virtual = 10511

Phase 2.1.1.2 PBP: Clock Region Placement
INFO: [Place 30-3162] Check ILP status : ILP-based clock placer completed successfully.
Phase 2.1.1.2 PBP: Clock Region Placement | Checksum: 200821fee

Time (s): cpu = 00:01:10 ; elapsed = 00:00:45 . Memory (MB): peak = 4620.043 ; gain = 24.012 ; free physical = 1328 ; free virtual = 10489

Phase 2.1.1.3 PBP: Compute Congestion
Phase 2.1.1.3 PBP: Compute Congestion | Checksum: 200821fee

Time (s): cpu = 00:01:31 ; elapsed = 00:00:52 . Memory (MB): peak = 4899.031 ; gain = 303.000 ; free physical = 1029 ; free virtual = 10184

Phase 2.1.1.4 PBP: UpdateTiming
Phase 2.1.1.4 PBP: UpdateTiming | Checksum: 2086a7996

Time (s): cpu = 00:01:34 ; elapsed = 00:00:54 . Memory (MB): peak = 4931.047 ; gain = 335.016 ; free physical = 1029 ; free virtual = 10177

Phase 2.1.1.5 PBP: Add part constraints
Phase 2.1.1.5 PBP: Add part constraints | Checksum: 2086a7996

Time (s): cpu = 00:01:34 ; elapsed = 00:00:54 . Memory (MB): peak = 4931.047 ; gain = 335.016 ; free physical = 1029 ; free virtual = 10177
Phase 2.1.1 Partition Driven Placement | Checksum: 2086a7996

Time (s): cpu = 00:01:34 ; elapsed = 00:00:54 . Memory (MB): peak = 4931.047 ; gain = 335.016 ; free physical = 1029 ; free virtual = 10177
Phase 2.1 Floorplanning | Checksum: 2086a7996

Time (s): cpu = 00:01:34 ; elapsed = 00:00:54 . Memory (MB): peak = 4931.047 ; gain = 335.016 ; free physical = 1029 ; free virtual = 10177

Phase 2.2 Update Timing before SLR Path Opt
Phase 2.2 Update Timing before SLR Path Opt | Checksum: 2086a7996

Time (s): cpu = 00:01:34 ; elapsed = 00:00:54 . Memory (MB): peak = 4931.047 ; gain = 335.016 ; free physical = 1029 ; free virtual = 10173

Phase 2.3 Post-Processing in Floorplanning
Phase 2.3 Post-Processing in Floorplanning | Checksum: 2340b6e95

Time (s): cpu = 00:01:34 ; elapsed = 00:00:54 . Memory (MB): peak = 4931.047 ; gain = 335.016 ; free physical = 1029 ; free virtual = 10173

Phase 2.4 Global Placement Core

Phase 2.4.1 UpdateTiming Before Physical Synthesis
Phase 2.4.1 UpdateTiming Before Physical Synthesis | Checksum: 283e21b67

Time (s): cpu = 00:03:42 ; elapsed = 00:01:53 . Memory (MB): peak = 4993.055 ; gain = 397.023 ; free physical = 974 ; free virtual = 10118

Phase 2.4.2 Physical Synthesis In Placer
INFO: [Physopt 32-1035] Found 12 LUTNM shape to break, 691 LUT instances to create LUTNM shape
INFO: [Physopt 32-1044] Break lutnm for timing: one critical 5, two critical 7, total 12, new lutff created 0
INFO: [Physopt 32-1138] End 1 Pass. Optimized 263 nets or LUTs. Breaked 12 LUTs, combined 251 existing LUTs and moved 0 existing LUT
INFO: [Physopt 32-1030] Pass 1. Identified 8 candidate driver sets for equivalent driver rewiring.
INFO: [Physopt 32-661] Optimized 7 nets.  Re-placed 41 instances.
INFO: [Physopt 32-775] End 1 Pass. Optimized 7 nets or cells. Created 0 new cell, deleted 0 existing cell and moved 41 existing cells
Netlist sorting complete. Time (s): cpu = 00:00:00.16 ; elapsed = 00:00:00.17 . Memory (MB): peak = 4993.055 ; gain = 0.000 ; free physical = 973 ; free virtual = 10118
INFO: [Physopt 32-1132] Very high fanout net 'system_i/dfs_accel_0/inst/grp_p_anonymous_namespace_run_word_search_trie_fu_696/grp_p_anonymous_namespace_run_word_search_trie_Pipeline_VITIS_LOOP_338_4_fu_680/grp_p_anonymous_namespace_enter_trie_fu_228/node_read_reg_1012_pp0_iter1_reg_reg[3]_0[0]' is not considered as a candidate in VHFN optimzation. The fanout considered for this optimization is changed from 1006 to 407 due to a timing constraint that prevent optimization on all of the loads. To force replication, set the FORCE_MAX_FANOUT property on the net to a number less than 407.
INFO: [Physopt 32-1132] Very high fanout net 'system_i/dfs_accel_0/inst/grp_p_anonymous_namespace_run_word_search_trie_fu_696/grp_p_anonymous_namespace_run_word_search_trie_Pipeline_VITIS_LOOP_338_4_fu_680/grp_p_anonymous_namespace_enter_trie_fu_228/node_read_reg_1012_pp0_iter1_reg_reg[3]_0[3]' is not considered as a candidate in VHFN optimzation. The fanout considered for this optimization is changed from 1006 to 407 due to a timing constraint that prevent optimization on all of the loads. To force replication, set the FORCE_MAX_FANOUT property on the net to a number less than 407.
INFO: [Physopt 32-1132] Very high fanout net 'system_i/dfs_accel_0/inst/grp_p_anonymous_namespace_run_word_search_trie_fu_696/grp_p_anonymous_namespace_run_word_search_trie_Pipeline_VITIS_LOOP_338_4_fu_680/grp_p_anonymous_namespace_enter_trie_fu_228/node_read_reg_1012_pp0_iter1_reg_reg[3]_0[2]' is not considered as a candidate in VHFN optimzation. The fanout considered for this optimization is changed from 1006 to 407 due to a timing constraint that prevent optimization on all of the loads. To force replication, set the FORCE_MAX_FANOUT property on the net to a number less than 407.
INFO: [Physopt 32-1132] Very high fanout net 'system_i/dfs_accel_0/inst/grp_p_anonymous_namespace_run_word_search_trie_fu_696/grp_p_anonymous_namespace_run_word_search_trie_Pipeline_VITIS_LOOP_338_4_fu_680/grp_p_anonymous_namespace_enter_trie_fu_228/node_read_reg_1012_pp0_iter1_reg_reg[3]_0[1]' is not considered as a candidate in VHFN optimzation. The fanout considered for this optimization is changed from 1006 to 407 due to a timing constraint that prevent optimization on all of the loads. To force replication, set the FORCE_MAX_FANOUT property on the net to a number less than 407.
INFO: [Physopt 32-1408] Pass 1. Identified 1 candidate net for high-fanout optimization.
INFO: [Physopt 32-81] Processed net system_i/proc_sys_reset_0/U0/peripheral_aresetn[0]. Replicated 14 times.
INFO: [Physopt 32-232] Optimized 1 net. Created 14 new instances.
INFO: [Physopt 32-775] End 1 Pass. Optimized 1 net or cell. Created 14 new cells, deleted 0 existing cell and moved 0 existing cell
Netlist sorting complete. Time (s): cpu = 00:00:00.48 ; elapsed = 00:00:00.48 . Memory (MB): peak = 4993.055 ; gain = 0.000 ; free physical = 973 ; free virtual = 10117
INFO: [Physopt 32-76] Pass 1. Identified 11 candidate nets for fanout optimization.
INFO: [Physopt 32-81] Processed net system_i/dfs_accel_0/inst/control_s_axi_U/cols[8]. Replicated 4 times.
INFO: [Physopt 32-81] Processed net system_i/dfs_accel_0/inst/control_s_axi_U/cols[1]. Replicated 5 times.
INFO: [Physopt 32-81] Processed net system_i/dfs_accel_0/inst/control_s_axi_U/cols[2]. Replicated 4 times.
INFO: [Physopt 32-81] Processed net system_i/dfs_accel_0/inst/control_s_axi_U/cols[6]. Replicated 4 times.
INFO: [Physopt 32-81] Processed net system_i/dfs_accel_0/inst/control_s_axi_U/cols[5]. Replicated 4 times.
INFO: [Physopt 32-81] Processed net system_i/dfs_accel_0/inst/control_s_axi_U/cols[4]. Replicated 4 times.
INFO: [Physopt 32-81] Processed net system_i/dfs_accel_0/inst/control_s_axi_U/cols[3]. Replicated 4 times.
INFO: [Physopt 32-81] Processed net system_i/dfs_accel_0/inst/control_s_axi_U/cols[9]. Replicated 5 times.
INFO: [Physopt 32-81] Processed net system_i/dfs_accel_0/inst/control_s_axi_U/cols[10]. Replicated 4 times.
INFO: [Physopt 32-81] Processed net system_i/dfs_accel_0/inst/control_s_axi_U/cols[7]. Replicated 5 times.
INFO: [Physopt 32-81] Processed net system_i/dfs_accel_0/inst/control_s_axi_U/A[1]. Replicated 4 times.
INFO: [Physopt 32-232] Optimized 11 nets. Created 47 new instances.
INFO: [Physopt 32-775] End 1 Pass. Optimized 11 nets or cells. Created 47 new cells, deleted 0 existing cell and moved 0 existing cell
Netlist sorting complete. Time (s): cpu = 00:00:00.31 ; elapsed = 00:00:00.31 . Memory (MB): peak = 4993.055 ; gain = 0.000 ; free physical = 974 ; free virtual = 10118
INFO: [Physopt 32-46] Identified 19 candidate nets for critical-cell optimization.
INFO: [Physopt 32-571] Net system_i/dfs_accel_0/inst/control_s_axi_U/cols[14] was not replicated.
INFO: [Physopt 32-571] Net system_i/dfs_accel_0/inst/control_s_axi_U/rows[2] was not replicated.
INFO: [Physopt 32-571] Net system_i/dfs_accel_0/inst/control_s_axi_U/cols[18] was not replicated.
INFO: [Physopt 32-571] Net system_i/dfs_accel_0/inst/control_s_axi_U/cols[19] was not replicated.
INFO: [Physopt 32-571] Net system_i/dfs_accel_0/inst/control_s_axi_U/cols[17] was not replicated.
INFO: [Physopt 32-571] Net system_i/dfs_accel_0/inst/control_s_axi_U/cols[12] was not replicated.
INFO: [Physopt 32-571] Net system_i/dfs_accel_0/inst/control_s_axi_U/rows[4] was not replicated.
INFO: [Physopt 32-571] Net system_i/dfs_accel_0/inst/control_s_axi_U/cols[15] was not replicated.
INFO: [Physopt 32-571] Net system_i/dfs_accel_0/inst/control_s_axi_U/cols[16] was not replicated.
INFO: [Physopt 32-571] Net system_i/dfs_accel_0/inst/control_s_axi_U/rows[1] was not replicated.
INFO: [Physopt 32-571] Net system_i/dfs_accel_0/inst/control_s_axi_U/cols[13] was not replicated.
INFO: [Physopt 32-571] Net system_i/dfs_accel_0/inst/control_s_axi_U/cols[22] was not replicated.
INFO: [Physopt 32-571] Net system_i/dfs_accel_0/inst/control_s_axi_U/rows[9] was not replicated.
INFO: [Physopt 32-571] Net system_i/dfs_accel_0/inst/control_s_axi_U/cols[20] was not replicated.
INFO: [Physopt 32-571] Net system_i/dfs_accel_0/inst/control_s_axi_U/rows[5] was not replicated.
INFO: [Physopt 32-571] Net system_i/dfs_accel_0/inst/control_s_axi_U/rows[8] was not replicated.
INFO: [Physopt 32-571] Net system_i/dfs_accel_0/inst/control_s_axi_U/rows[6] was not replicated.
INFO: [Physopt 32-571] Net system_i/dfs_accel_0/inst/control_s_axi_U/rows[13] was not replicated.
INFO: [Physopt 32-571] Net system_i/dfs_accel_0/inst/control_s_axi_U/rows[3] was not replicated.
INFO: [Physopt 32-232] Optimized 0 net. Created 0 new instance.
INFO: [Physopt 32-775] End 1 Pass. Optimized 0 net or cell. Created 0 new cell, deleted 0 existing cell and moved 0 existing cell
INFO: [Physopt 32-457] Pass 1. Identified 8 candidate cells for DSP register optimization.
INFO: [Physopt 32-665] Processed cell system_i/dfs_accel_0/inst/grp_p_anonymous_namespace_run_word_search_no_pruning_fu_627/mul_i_i_reg_511_reg. 15 registers were pushed out.
INFO: [Physopt 32-665] Processed cell system_i/dfs_accel_0/inst/grp_p_anonymous_namespace_run_word_search_no_pruning_fu_627/mul_32s_32s_32_1_1_U214/tmp_product. 15 registers were pushed out.
INFO: [Physopt 32-665] Processed cell system_i/dfs_accel_0/inst/grp_p_anonymous_namespace_flood_fu_534/mul_32s_32s_32_1_1_U76/tmp_product. 15 registers were pushed out.
INFO: [Physopt 32-665] Processed cell system_i/dfs_accel_0/inst/grp_p_anonymous_namespace_flood_fu_534/mul_i_i_reg_261_reg. 15 registers were pushed out.
INFO: [Physopt 32-665] Processed cell system_i/dfs_accel_0/inst/grp_p_anonymous_namespace_run_word_search_trie_fu_696/mul_i_i_reg_939_reg. 15 registers were pushed out.
INFO: [Physopt 32-665] Processed cell system_i/dfs_accel_0/inst/grp_p_anonymous_namespace_run_unique_paths_iii_fu_823/mul_i_i_reg_379_reg. 15 registers were pushed out.
INFO: [Physopt 32-665] Processed cell system_i/dfs_accel_0/inst/grp_p_anonymous_namespace_run_word_search_trie_fu_696/mul_32s_32s_32_1_1_U415/tmp_product. 15 registers were pushed out.
INFO: [Physopt 32-665] Processed cell system_i/dfs_accel_0/inst/grp_p_anonymous_namespace_run_unique_paths_iii_fu_823/mul_32s_32s_32_1_1_U483/tmp_product. 15 registers were pushed out.
INFO: [Physopt 32-775] End 2 Pass. Optimized 8 nets or cells. Created 120 new cells, deleted 0 existing cell and moved 0 existing cell
Netlist sorting complete. Time (s): cpu = 00:00:00.1 ; elapsed = 00:00:00.09 . Memory (MB): peak = 4993.055 ; gain = 0.000 ; free physical = 973 ; free virtual = 10117
INFO: [Physopt 32-1123] No candidate cells found for Shift Register to Pipeline optimization
INFO: [Physopt 32-775] End 2 Pass. Optimized 0 net or cell. Created 0 new cell, deleted 0 existing cell and moved 0 existing cell
INFO: [Physopt 32-1401] No candidate cells found for Shift Register optimization.
INFO: [Physopt 32-677] No candidate cells for Shift Register optimization found in the design
INFO: [Physopt 32-775] End 1 Pass. Optimized 0 net or cell. Created 0 new cell, deleted 0 existing cell and moved 0 existing cell
INFO: [Physopt 32-526] No candidate cells for BRAM register optimization found in the design
INFO: [Physopt 32-775] End 1 Pass. Optimized 0 net or cell. Created 0 new cell, deleted 0 existing cell and moved 0 existing cell
INFO: [Physopt 32-846] No candidate cells for URAM register optimization found in the design
INFO: [Physopt 32-775] End 1 Pass. Optimized 0 net or cell. Created 0 new cell, deleted 0 existing cell and moved 0 existing cell
INFO: [Physopt 32-846] No candidate cells for URAM register optimization found in the design
INFO: [Physopt 32-775] End 1 Pass. Optimized 0 net or cell. Created 0 new cell, deleted 0 existing cell and moved 0 existing cell
INFO: [Physopt 32-949] No candidate nets found for dynamic/static region interface net replication
INFO: [Physopt 32-775] End 1 Pass. Optimized 0 net or cell. Created 0 new cell, deleted 0 existing cell and moved 0 existing cell
Netlist sorting complete. Time (s): cpu = 00:00:00.01 ; elapsed = 00:00:00.01 . Memory (MB): peak = 4993.055 ; gain = 0.000 ; free physical = 972 ; free virtual = 10117

Summary of Physical Synthesis Optimizations
============================================


-----------------------------------------------------------------------------------------------------------------------------------------------------------
|  Optimization                                     |  Added Cells  |  Removed Cells  |  Optimized Cells/Nets  |  Dont Touch  |  Iterations  |  Elapsed   |
-----------------------------------------------------------------------------------------------------------------------------------------------------------
|  LUT Combining                                    |           12  |            251  |                   263  |           0  |           1  |  00:00:01  |
|  Retime                                           |            0  |              0  |                     0  |           0  |           1  |  00:00:00  |
|  Equivalent Driver Rewiring                       |            0  |              0  |                     7  |           0  |           1  |  00:00:01  |
|  Very High Fanout                                 |           14  |              0  |                     1  |           0  |           1  |  00:00:02  |
|  Fanout                                           |           47  |              0  |                    11  |           0  |           1  |  00:00:04  |
|  Critical Cell                                    |            0  |              0  |                     0  |           0  |           1  |  00:00:00  |
|  DSP Register                                     |          120  |              0  |                     8  |           0  |           1  |  00:00:03  |
|  Shift Register to Pipeline                       |            0  |              0  |                     0  |           0  |           1  |  00:00:00  |
|  Shift Register                                   |            0  |              0  |                     0  |           0  |           1  |  00:00:00  |
|  BRAM Register                                    |            0  |              0  |                     0  |           0  |           1  |  00:00:00  |
|  URAM Register                                    |            0  |              0  |                     0  |           0  |           1  |  00:00:00  |
|  Dynamic/Static Region Interface Net Replication  |            0  |              0  |                     0  |           0  |           1  |  00:00:00  |
|  Total                                            |          193  |            251  |                   290  |           0  |          12  |  00:00:11  |
-----------------------------------------------------------------------------------------------------------------------------------------------------------


Phase 2.4.2 Physical Synthesis In Placer | Checksum: 2674e24cf

Time (s): cpu = 00:04:03 ; elapsed = 00:02:12 . Memory (MB): peak = 4993.055 ; gain = 397.023 ; free physical = 972 ; free virtual = 10116
Phase 2.4 Global Placement Core | Checksum: 1c14f32f9

Time (s): cpu = 00:04:30 ; elapsed = 00:02:23 . Memory (MB): peak = 4993.055 ; gain = 397.023 ; free physical = 971 ; free virtual = 10115
Phase 2 Global Placement | Checksum: 1c14f32f9

Time (s): cpu = 00:04:30 ; elapsed = 00:02:23 . Memory (MB): peak = 4993.055 ; gain = 397.023 ; free physical = 970 ; free virtual = 10115

Phase 3 Detail Placement

Phase 3.1 Commit Multi Column Macros
Phase 3.1 Commit Multi Column Macros | Checksum: 1db9af9e8

Time (s): cpu = 00:04:56 ; elapsed = 00:02:33 . Memory (MB): peak = 5025.070 ; gain = 429.039 ; free physical = 968 ; free virtual = 10102

Phase 3.2 Commit Most Macros & LUTRAMs
Phase 3.2 Commit Most Macros & LUTRAMs | Checksum: 196f7ce70

Time (s): cpu = 00:05:05 ; elapsed = 00:02:39 . Memory (MB): peak = 5025.070 ; gain = 429.039 ; free physical = 970 ; free virtual = 10104

Phase 3.3 Small Shape DP

Phase 3.3.1 Small Shape Clustering
Phase 3.3.1 Small Shape Clustering | Checksum: 208c8d70d

Time (s): cpu = 00:05:46 ; elapsed = 00:02:58 . Memory (MB): peak = 5025.070 ; gain = 429.039 ; free physical = 990 ; free virtual = 10124

Phase 3.3.2 Slice Area Swap

Phase 3.3.2.1 Slice Area Swap Initial
Phase 3.3.2.1 Slice Area Swap Initial | Checksum: 208debc1c

Time (s): cpu = 00:05:48 ; elapsed = 00:03:00 . Memory (MB): peak = 5025.070 ; gain = 429.039 ; free physical = 989 ; free virtual = 10123
Phase 3.3.2 Slice Area Swap | Checksum: 208debc1c

Time (s): cpu = 00:05:49 ; elapsed = 00:03:00 . Memory (MB): peak = 5025.070 ; gain = 429.039 ; free physical = 989 ; free virtual = 10123
Phase 3.3 Small Shape DP | Checksum: 1f2005ab1

Time (s): cpu = 00:05:58 ; elapsed = 00:03:04 . Memory (MB): peak = 5025.070 ; gain = 429.039 ; free physical = 997 ; free virtual = 10131

Phase 3.4 Re-assign LUT pins
Phase 3.4 Re-assign LUT pins | Checksum: 1dab38b36

Time (s): cpu = 00:06:02 ; elapsed = 00:03:08 . Memory (MB): peak = 5025.070 ; gain = 429.039 ; free physical = 998 ; free virtual = 10132

Phase 3.5 Pipeline Register Optimization
Phase 3.5 Pipeline Register Optimization | Checksum: 1f743e6bd

Time (s): cpu = 00:06:03 ; elapsed = 00:03:09 . Memory (MB): peak = 5025.070 ; gain = 429.039 ; free physical = 997 ; free virtual = 10132

Phase 3.6 Fast Optimization
Phase 3.6 Fast Optimization | Checksum: 2149cdd37

Time (s): cpu = 00:06:36 ; elapsed = 00:03:25 . Memory (MB): peak = 5025.070 ; gain = 429.039 ; free physical = 997 ; free virtual = 10131
Phase 3 Detail Placement | Checksum: 2149cdd37

Time (s): cpu = 00:06:37 ; elapsed = 00:03:25 . Memory (MB): peak = 5025.070 ; gain = 429.039 ; free physical = 996 ; free virtual = 10131

Phase 4 Post Placement Optimization and Clean-Up

Phase 4.1 Post Commit Optimization
INFO: [Timing 38-35] Done setting XDC timing constraints.

Phase 4.1.1 Post Placement Optimization
Post Placement Optimization Initialization | Checksum: 222ce35e4

Phase 4.1.1.1 BUFG Insertion

Starting Physical Synthesis Task

Phase 1 Physical Synthesis Initialization
INFO: [Physopt 32-721] Multithreading enabled for phys_opt_design using a maximum of 4 CPUs
INFO: [Physopt 32-619] Estimated Timing Summary | WNS=-0.072 | TNS=-0.072 |
Phase 1 Physical Synthesis Initialization | Checksum: 12028fa4c

Time (s): cpu = 00:00:03 ; elapsed = 00:00:02 . Memory (MB): peak = 5025.070 ; gain = 0.000 ; free physical = 973 ; free virtual = 10107
INFO: [Place 46-56] BUFG insertion identified 0 candidate nets. Inserted BUFG: 0, Replicated BUFG Driver: 0, Skipped due to Placement/Routing Conflicts: 0, Skipped due to Timing Degradation: 0, Skipped due to netlist editing failed: 0.
Ending Physical Synthesis Task | Checksum: 260817ced

Time (s): cpu = 00:00:04 ; elapsed = 00:00:02 . Memory (MB): peak = 5025.070 ; gain = 0.000 ; free physical = 973 ; free virtual = 10107
Phase 4.1.1.1 BUFG Insertion | Checksum: 222ce35e4

Time (s): cpu = 00:07:47 ; elapsed = 00:04:01 . Memory (MB): peak = 5025.070 ; gain = 429.039 ; free physical = 973 ; free virtual = 10107

Phase 4.1.1.2 Post Placement Timing Optimization
INFO: [Place 30-746] Post Placement Timing Summary WNS=0.057. For the most accurate timing information please run report_timing.
Phase 4.1.1.2 Post Placement Timing Optimization | Checksum: 200514013

Time (s): cpu = 00:08:50 ; elapsed = 00:05:04 . Memory (MB): peak = 5025.070 ; gain = 429.039 ; free physical = 916 ; free virtual = 10088

Time (s): cpu = 00:08:50 ; elapsed = 00:05:04 . Memory (MB): peak = 5025.070 ; gain = 429.039 ; free physical = 916 ; free virtual = 10088
Phase 4.1 Post Commit Optimization | Checksum: 200514013

Time (s): cpu = 00:08:51 ; elapsed = 00:05:04 . Memory (MB): peak = 5025.070 ; gain = 429.039 ; free physical = 916 ; free virtual = 10088
Netlist sorting complete. Time (s): cpu = 00:00:00.01 ; elapsed = 00:00:00.01 . Memory (MB): peak = 5025.070 ; gain = 0.000 ; free physical = 883 ; free virtual = 10053

Phase 4.2 Post Placement Cleanup
Phase 4.2 Post Placement Cleanup | Checksum: 169248933

Time (s): cpu = 00:09:25 ; elapsed = 00:05:25 . Memory (MB): peak = 5025.070 ; gain = 429.039 ; free physical = 884 ; free virtual = 10054

Phase 4.3 Placer Reporting

Phase 4.3.1 Print Estimated Congestion
INFO: [Place 30-612] Post-Placement Estimated Congestion 
 ________________________________________________________________________
|           | Global Congestion | Long Congestion   | Short Congestion  |
| Direction | Region Size       | Region Size       | Region Size       |
|___________|___________________|___________________|___________________|
|      North|                1x1|                1x1|                4x4|
|___________|___________________|___________________|___________________|
|      South|                1x1|                1x1|                4x4|
|___________|___________________|___________________|___________________|
|       East|                1x1|                1x1|                4x4|
|___________|___________________|___________________|___________________|
|       West|                1x1|                1x1|                4x4|
|___________|___________________|___________________|___________________|

Phase 4.3.1 Print Estimated Congestion | Checksum: 169248933

Time (s): cpu = 00:09:26 ; elapsed = 00:05:25 . Memory (MB): peak = 5025.070 ; gain = 429.039 ; free physical = 884 ; free virtual = 10054
Phase 4.3 Placer Reporting | Checksum: 169248933

Time (s): cpu = 00:09:26 ; elapsed = 00:05:26 . Memory (MB): peak = 5025.070 ; gain = 429.039 ; free physical = 884 ; free virtual = 10054

Phase 4.4 Final Placement Cleanup
Netlist sorting complete. Time (s): cpu = 00:00:00.01 ; elapsed = 00:00:00.01 . Memory (MB): peak = 5025.070 ; gain = 0.000 ; free physical = 884 ; free virtual = 10054

Time (s): cpu = 00:09:26 ; elapsed = 00:05:26 . Memory (MB): peak = 5025.070 ; gain = 429.039 ; free physical = 884 ; free virtual = 10054
Phase 4 Post Placement Optimization and Clean-Up | Checksum: 21d3e4ab2

Time (s): cpu = 00:09:27 ; elapsed = 00:05:26 . Memory (MB): peak = 5025.070 ; gain = 429.039 ; free physical = 884 ; free virtual = 10054
Ending Placer Task | Checksum: 165daec79

Time (s): cpu = 00:09:27 ; elapsed = 00:05:26 . Memory (MB): peak = 5025.070 ; gain = 429.039 ; free physical = 885 ; free virtual = 10055
144 Infos, 115 Warnings, 0 Critical Warnings and 0 Errors encountered.
place_design completed successfully
place_design: Time (s): cpu = 00:09:45 ; elapsed = 00:05:35 . Memory (MB): peak = 5025.070 ; gain = 429.039 ; free physical = 885 ; free virtual = 10055
INFO: [Vivado 12-24838] Running report commands "report_control_sets, report_io, report_utilization" in parallel.
Running report generation with 3 threads.
INFO: [Vivado 12-24828] Executing command : report_io -file system_wrapper_io_placed.rpt
report_io: Time (s): cpu = 00:00:00.84 ; elapsed = 00:00:00.52 . Memory (MB): peak = 5036.051 ; gain = 0.000 ; free physical = 837 ; free virtual = 10007
INFO: [Vivado 12-24828] Executing command : report_control_sets -verbose -file system_wrapper_control_sets_placed.rpt
report_control_sets: Time (s): cpu = 00:00:00.96 ; elapsed = 00:00:00.62 . Memory (MB): peak = 5036.051 ; gain = 0.000 ; free physical = 844 ; free virtual = 10014
INFO: [Vivado 12-24828] Executing command : report_utilization -file system_wrapper_utilization_placed.rpt -pb system_wrapper_utilization_placed.pb
INFO: [Timing 38-480] Writing timing data to binary archive.
Write ShapeDB Complete: Time (s): cpu = 00:00:00.9 ; elapsed = 00:00:00.37 . Memory (MB): peak = 5044.055 ; gain = 8.004 ; free physical = 826 ; free virtual = 10004
Wrote PlaceDB: Time (s): cpu = 00:00:09 ; elapsed = 00:00:04 . Memory (MB): peak = 5044.055 ; gain = 8.004 ; free physical = 748 ; free virtual = 9955
Wrote PulsedLatchDB: Time (s): cpu = 00:00:00 ; elapsed = 00:00:00 . Memory (MB): peak = 5044.055 ; gain = 0.000 ; free physical = 748 ; free virtual = 9955
Writing XDEF routing.
Writing XDEF routing logical nets.
Writing XDEF routing special nets.
Wrote RouteStorage: Time (s): cpu = 00:00:00.38 ; elapsed = 00:00:00.19 . Memory (MB): peak = 5044.055 ; gain = 0.000 ; free physical = 748 ; free virtual = 9956
Wrote Netlist Cache: Time (s): cpu = 00:00:00.17 ; elapsed = 00:00:00.09 . Memory (MB): peak = 5044.055 ; gain = 0.000 ; free physical = 741 ; free virtual = 9950
Wrote Device Cache: Time (s): cpu = 00:00:00.13 ; elapsed = 00:00:00.07 . Memory (MB): peak = 5044.055 ; gain = 0.000 ; free physical = 741 ; free virtual = 9953
Write Physdb Complete: Time (s): cpu = 00:00:10 ; elapsed = 00:00:05 . Memory (MB): peak = 5044.055 ; gain = 8.004 ; free physical = 741 ; free virtual = 9953
INFO: [Common 17-1381] The checkpoint '/home/fabio/AltoNivel/DFS/src/vivado/dfs_system/dfs_system.runs/impl_1/system_wrapper_placed.dcp' has been generated.
write_checkpoint: Time (s): cpu = 00:00:20 ; elapsed = 00:00:11 . Memory (MB): peak = 5044.055 ; gain = 8.004 ; free physical = 778 ; free virtual = 9961
Command: phys_opt_design
Attempting to get a license for feature 'Implementation' and/or device 'xck26'
INFO: [Common 17-349] Got license for feature 'Implementation' and/or device 'xck26'

Starting Initial Update Timing Task

Time (s): cpu = 00:00:31 ; elapsed = 00:00:16 . Memory (MB): peak = 5044.055 ; gain = 0.000 ; free physical = 877 ; free virtual = 10052
INFO: [Vivado_Tcl 4-2279] Estimated Timing Summary | WNS= 0.062 | TNS= 0.000 | 
INFO: [Vivado_Tcl 4-383] Design worst setup slack (WNS) is greater than or equal to 0.000 ns. All physical synthesis setup optimizations will be skipped.
INFO: [Vivado_Tcl 4-232] No setup violation found. The netlist was not modified.
INFO: [Common 17-83] Releasing license: Implementation
155 Infos, 115 Warnings, 0 Critical Warnings and 0 Errors encountered.
phys_opt_design completed successfully
phys_opt_design: Time (s): cpu = 00:00:32 ; elapsed = 00:00:17 . Memory (MB): peak = 5044.055 ; gain = 0.000 ; free physical = 877 ; free virtual = 10052
INFO: [Timing 38-480] Writing timing data to binary archive.
Write ShapeDB Complete: Time (s): cpu = 00:00:00.78 ; elapsed = 00:00:00.32 . Memory (MB): peak = 5044.055 ; gain = 0.000 ; free physical = 873 ; free virtual = 10056
Wrote PlaceDB: Time (s): cpu = 00:00:10 ; elapsed = 00:00:06 . Memory (MB): peak = 5044.055 ; gain = 0.000 ; free physical = 782 ; free virtual = 9993
Wrote PulsedLatchDB: Time (s): cpu = 00:00:00 ; elapsed = 00:00:00 . Memory (MB): peak = 5044.055 ; gain = 0.000 ; free physical = 782 ; free virtual = 9993
Writing XDEF routing.
Writing XDEF routing logical nets.
Writing XDEF routing special nets.
Wrote RouteStorage: Time (s): cpu = 00:00:00.28 ; elapsed = 00:00:00.29 . Memory (MB): peak = 5044.055 ; gain = 0.000 ; free physical = 782 ; free virtual = 9994
Wrote Netlist Cache: Time (s): cpu = 00:00:00.11 ; elapsed = 00:00:00.11 . Memory (MB): peak = 5044.055 ; gain = 0.000 ; free physical = 774 ; free virtual = 9988
Wrote Device Cache: Time (s): cpu = 00:00:00.07 ; elapsed = 00:00:00.07 . Memory (MB): peak = 5044.055 ; gain = 0.000 ; free physical = 774 ; free virtual = 9991
Write Physdb Complete: Time (s): cpu = 00:00:11 ; elapsed = 00:00:06 . Memory (MB): peak = 5044.055 ; gain = 0.000 ; free physical = 774 ; free virtual = 9991
INFO: [Common 17-1381] The checkpoint '/home/fabio/AltoNivel/DFS/src/vivado/dfs_system/dfs_system.runs/impl_1/system_wrapper_physopt.dcp' has been generated.
write_checkpoint: Time (s): cpu = 00:00:13 ; elapsed = 00:00:09 . Memory (MB): peak = 5044.055 ; gain = 0.000 ; free physical = 760 ; free virtual = 9947
Command: route_design
Attempting to get a license for feature 'Implementation' and/or device 'xck26'
INFO: [Common 17-349] Got license for feature 'Implementation' and/or device 'xck26'
Running DRC as a precondition to command route_design
INFO: [DRC 23-27] Running DRC with 4 threads
INFO: [Vivado_Tcl 4-198] DRC finished with 0 Errors
INFO: [Vivado_Tcl 4-199] Please refer to the DRC report (report_drc) for more information.


Starting Routing Task
INFO: [Route 35-254] Multithreading enabled for route_design using a maximum of 4 CPUs

Phase 1 Build RT Design
Checksum: PlaceDB: 5e017d47 ConstDB: 0 ShapeSum: d8ee9fc6 RouteDB: 2eeacf6c
Nodegraph reading from file.  Time (s): cpu = 00:00:02 ; elapsed = 00:00:02 . Memory (MB): peak = 5044.055 ; gain = 0.000 ; free physical = 861 ; free virtual = 10043
Post Restoration Checksum: NetGraph: 5792f19e | NumContArr: bfdff8e9 | Constraints: b0b59e9e | Timing: c2a8fa9d
Phase 1 Build RT Design | Checksum: 28ad183c2

Time (s): cpu = 00:00:34 ; elapsed = 00:00:14 . Memory (MB): peak = 5044.055 ; gain = 0.000 ; free physical = 875 ; free virtual = 10057

Phase 2 Router Initialization

Phase 2.1 Fix Topology Constraints
Phase 2.1 Fix Topology Constraints | Checksum: 28ad183c2

Time (s): cpu = 00:00:35 ; elapsed = 00:00:14 . Memory (MB): peak = 5044.055 ; gain = 0.000 ; free physical = 875 ; free virtual = 10057

Phase 2.2 Pre Route Cleanup
Phase 2.2 Pre Route Cleanup | Checksum: 28ad183c2

Time (s): cpu = 00:00:35 ; elapsed = 00:00:14 . Memory (MB): peak = 5044.055 ; gain = 0.000 ; free physical = 875 ; free virtual = 10057

Phase 2.3 Global Clock Net Routing
 Number of Nodes with overlaps = 0
Phase 2.3 Global Clock Net Routing | Checksum: 2668964e3

Time (s): cpu = 00:00:38 ; elapsed = 00:00:16 . Memory (MB): peak = 5044.055 ; gain = 0.000 ; free physical = 881 ; free virtual = 10063

Phase 2.4 Update Timing
Phase 2.4 Update Timing | Checksum: 23833ed6e

Time (s): cpu = 00:00:52 ; elapsed = 00:00:22 . Memory (MB): peak = 5044.055 ; gain = 0.000 ; free physical = 881 ; free virtual = 10064
INFO: [Route 35-416] Intermediate Timing Summary | WNS=0.210  | TNS=0.000  | WHS=-0.086 | THS=-170.966|


Router Utilization Summary
  Global Vertical Routing Utilization    = 0 %
  Global Horizontal Routing Utilization  = 0 %
  Routable Net Status*
  *Does not include unroutable nets such as driverless and loadless.
  Run report_route_status for detailed report.
  Number of Failed Nets               = 22484
    (Failed Nets is the sum of unrouted and partially routed nets)
  Number of Unrouted Nets             = 18338
  Number of Partially Routed Nets     = 4146
  Number of Node Overlaps             = 0

Phase 2 Router Initialization | Checksum: 2727720a9

Time (s): cpu = 00:01:15 ; elapsed = 00:00:33 . Memory (MB): peak = 5044.055 ; gain = 0.000 ; free physical = 882 ; free virtual = 10065

Phase 3 Global Routing
Phase 3 Global Routing | Checksum: 2727720a9

Time (s): cpu = 00:01:15 ; elapsed = 00:00:33 . Memory (MB): peak = 5044.055 ; gain = 0.000 ; free physical = 882 ; free virtual = 10065

Phase 4 Initial Routing

Phase 4.1 Initial Net Routing Pass
Phase 4.1 Initial Net Routing Pass | Checksum: 267f88421

Time (s): cpu = 00:01:46 ; elapsed = 00:00:48 . Memory (MB): peak = 5044.055 ; gain = 0.000 ; free physical = 871 ; free virtual = 10068
Phase 4 Initial Routing | Checksum: 26c01f678

Time (s): cpu = 00:01:47 ; elapsed = 00:00:48 . Memory (MB): peak = 5044.055 ; gain = 0.000 ; free physical = 871 ; free virtual = 10068

Phase 5 Rip-up And Reroute

Phase 5.1 Global Iteration 0
 Number of Nodes with overlaps = 4543
 Number of Nodes with overlaps = 441
 Number of Nodes with overlaps = 54
 Number of Nodes with overlaps = 21
 Number of Nodes with overlaps = 8
 Number of Nodes with overlaps = 6
 Number of Nodes with overlaps = 2
 Number of Nodes with overlaps = 1
 Number of Nodes with overlaps = 1
 Number of Nodes with overlaps = 1
 Number of Nodes with overlaps = 1
 Number of Nodes with overlaps = 1
 Number of Nodes with overlaps = 0
INFO: [Route 35-416] Intermediate Timing Summary | WNS=0.066  | TNS=0.000  | WHS=-0.036 | THS=-0.636 |

Phase 5.1 Global Iteration 0 | Checksum: 28b26871a

Time (s): cpu = 00:03:51 ; elapsed = 00:01:57 . Memory (MB): peak = 5044.055 ; gain = 0.000 ; free physical = 628 ; free virtual = 9799

Phase 5.2 Additional Iteration for Hold
Phase 5.2 Additional Iteration for Hold | Checksum: 29ce9fc2e

Time (s): cpu = 00:03:51 ; elapsed = 00:01:57 . Memory (MB): peak = 5044.055 ; gain = 0.000 ; free physical = 632 ; free virtual = 9803
Phase 5 Rip-up And Reroute | Checksum: 29ce9fc2e

Time (s): cpu = 00:03:51 ; elapsed = 00:01:57 . Memory (MB): peak = 5044.055 ; gain = 0.000 ; free physical = 632 ; free virtual = 9803

Phase 6 Delay and Skew Optimization

Phase 6.1 Delay CleanUp
INFO: [Route 35-416] Intermediate Timing Summary | WNS=0.066  | TNS=0.000  | WHS=0.010  | THS=0.000  |

INFO: [Route 35-416] Intermediate Timing Summary | WNS=0.066  | TNS=0.000  | WHS=0.010  | THS=0.000  |

Phase 6.1 Delay CleanUp | Checksum: 2e056b848

Time (s): cpu = 00:04:04 ; elapsed = 00:02:03 . Memory (MB): peak = 5044.055 ; gain = 0.000 ; free physical = 669 ; free virtual = 9840

Phase 6.2 Clock Skew Optimization
Phase 6.2 Clock Skew Optimization | Checksum: 2e056b848

Time (s): cpu = 00:04:05 ; elapsed = 00:02:03 . Memory (MB): peak = 5044.055 ; gain = 0.000 ; free physical = 669 ; free virtual = 9840
Phase 6 Delay and Skew Optimization | Checksum: 2e056b848

Time (s): cpu = 00:04:05 ; elapsed = 00:02:03 . Memory (MB): peak = 5044.055 ; gain = 0.000 ; free physical = 669 ; free virtual = 9840

Phase 7 Post Hold Fix

Phase 7.1 Hold Fix Iter
INFO: [Route 35-416] Intermediate Timing Summary | WNS=0.066  | TNS=0.000  | WHS=0.010  | THS=0.000  |

Phase 7.1 Hold Fix Iter | Checksum: 286b21d2d

Time (s): cpu = 00:04:16 ; elapsed = 00:02:08 . Memory (MB): peak = 5044.055 ; gain = 0.000 ; free physical = 687 ; free virtual = 9858
Phase 7 Post Hold Fix | Checksum: 286b21d2d

Time (s): cpu = 00:04:16 ; elapsed = 00:02:08 . Memory (MB): peak = 5044.055 ; gain = 0.000 ; free physical = 687 ; free virtual = 9858

Phase 8 Route finalize

Router Utilization Summary
  Global Vertical Routing Utilization    = 3.23924 %
  Global Horizontal Routing Utilization  = 3.1394 %
  Routable Net Status*
  *Does not include unroutable nets such as driverless and loadless.
  Run report_route_status for detailed report.
  Number of Failed Nets               = 0
    (Failed Nets is the sum of unrouted and partially routed nets)
  Number of Unrouted Nets             = 0
  Number of Partially Routed Nets     = 0
  Number of Node Overlaps             = 0

Phase 8 Route finalize | Checksum: 286b21d2d

Time (s): cpu = 00:04:17 ; elapsed = 00:02:09 . Memory (MB): peak = 5044.055 ; gain = 0.000 ; free physical = 689 ; free virtual = 9860

Phase 9 Verifying routed nets

 Verification completed successfully
Phase 9 Verifying routed nets | Checksum: 286b21d2d

Time (s): cpu = 00:04:18 ; elapsed = 00:02:09 . Memory (MB): peak = 5044.055 ; gain = 0.000 ; free physical = 689 ; free virtual = 9860

Phase 10 Depositing Routes
Phase 10 Depositing Routes | Checksum: 286b21d2d

Time (s): cpu = 00:04:24 ; elapsed = 00:02:14 . Memory (MB): peak = 5044.055 ; gain = 0.000 ; free physical = 697 ; free virtual = 9868

Phase 11 Resolve XTalk
Phase 11 Resolve XTalk | Checksum: 286b21d2d

Time (s): cpu = 00:04:24 ; elapsed = 00:02:14 . Memory (MB): peak = 5044.055 ; gain = 0.000 ; free physical = 697 ; free virtual = 9868

Phase 12 Post Process Routing
Phase 12 Post Process Routing | Checksum: 286b21d2d

Time (s): cpu = 00:04:25 ; elapsed = 00:02:14 . Memory (MB): peak = 5044.055 ; gain = 0.000 ; free physical = 698 ; free virtual = 9868

Phase 13 Post Router Timing
INFO: [Route 35-57] Estimated Timing Summary | WNS=0.066  | TNS=0.000  | WHS=0.010  | THS=0.000  |

INFO: [Route 35-327] The final timing numbers are based on the router estimated timing analysis. For a complete and accurate timing signoff, please run report_timing_summary.
Phase 13 Post Router Timing | Checksum: 286b21d2d

Time (s): cpu = 00:04:25 ; elapsed = 00:02:15 . Memory (MB): peak = 5044.055 ; gain = 0.000 ; free physical = 698 ; free virtual = 9868
Total Elapsed time in route_design: 134.5 secs

Phase 14 Post-Route Event Processing
Phase 14 Post-Route Event Processing | Checksum: 18df90ed4

Time (s): cpu = 00:04:25 ; elapsed = 00:02:15 . Memory (MB): peak = 5044.055 ; gain = 0.000 ; free physical = 698 ; free virtual = 9868
INFO: [Route 35-16] Router Completed Successfully
Ending Routing Task | Checksum: 18df90ed4

Time (s): cpu = 00:04:26 ; elapsed = 00:02:16 . Memory (MB): peak = 5044.055 ; gain = 0.000 ; free physical = 698 ; free virtual = 9869

Routing Is Done.
INFO: [Common 17-83] Releasing license: Implementation
171 Infos, 115 Warnings, 0 Critical Warnings and 0 Errors encountered.
route_design completed successfully
route_design: Time (s): cpu = 00:04:46 ; elapsed = 00:02:23 . Memory (MB): peak = 5044.055 ; gain = 0.000 ; free physical = 700 ; free virtual = 9871
INFO: [Vivado 12-24828] Executing command : report_drc -file system_wrapper_drc_routed.rpt -pb system_wrapper_drc_routed.pb -rpx system_wrapper_drc_routed.rpx
Command: report_drc -file system_wrapper_drc_routed.rpt -pb system_wrapper_drc_routed.pb -rpx system_wrapper_drc_routed.rpx
INFO: [IP_Flow 19-1839] IP Catalog is up to date.
INFO: [DRC 23-27] Running DRC with 4 threads
INFO: [Vivado_Tcl 2-168] The results of DRC are in file /home/fabio/AltoNivel/DFS/src/vivado/dfs_system/dfs_system.runs/impl_1/system_wrapper_drc_routed.rpt.
report_drc completed successfully
report_drc: Time (s): cpu = 00:00:41 ; elapsed = 00:00:17 . Memory (MB): peak = 5068.066 ; gain = 24.012 ; free physical = 792 ; free virtual = 9959
INFO: [Vivado 12-24828] Executing command : report_methodology -file system_wrapper_methodology_drc_routed.rpt -pb system_wrapper_methodology_drc_routed.pb -rpx system_wrapper_methodology_drc_routed.rpx
Command: report_methodology -file system_wrapper_methodology_drc_routed.rpt -pb system_wrapper_methodology_drc_routed.pb -rpx system_wrapper_methodology_drc_routed.rpx
INFO: [Timing 38-35] Done setting XDC timing constraints.
INFO: [DRC 23-133] Running Methodology with 4 threads
INFO: [Vivado_Tcl 2-1520] The results of Report Methodology are in file /home/fabio/AltoNivel/DFS/src/vivado/dfs_system/dfs_system.runs/impl_1/system_wrapper_methodology_drc_routed.rpt.
report_methodology completed successfully
report_methodology: Time (s): cpu = 00:00:42 ; elapsed = 00:00:16 . Memory (MB): peak = 5068.066 ; gain = 0.000 ; free physical = 815 ; free virtual = 9969
INFO: [Vivado 12-24828] Executing command : report_timing_summary -max_paths 10 -report_unconstrained -file system_wrapper_timing_summary_routed.rpt -pb system_wrapper_timing_summary_routed.pb -rpx system_wrapper_timing_summary_routed.rpx -warn_on_violation 
INFO: [Timing 38-35] Done setting XDC timing constraints.
INFO: [Timing 38-91] UpdateTimingParams: Speed grade: -2LV, Temperature grade: C, Delay Type: min_max.
INFO: [Timing 38-191] Multithreading enabled for timing update using a maximum of 4 CPUs
report_timing_summary: Time (s): cpu = 00:00:19 ; elapsed = 00:00:10 . Memory (MB): peak = 5068.066 ; gain = 0.000 ; free physical = 801 ; free virtual = 9951
INFO: [Vivado 12-24838] Running report commands "report_bus_skew, report_incremental_reuse, report_route_status" in parallel.
Running report generation with 3 threads.
INFO: [Vivado 12-24828] Executing command : report_incremental_reuse -file system_wrapper_incremental_reuse_routed.rpt
INFO: [Vivado_Tcl 4-1062] Incremental flow is disabled. No incremental reuse Info to report.
INFO: [Vivado 12-24828] Executing command : report_bus_skew -warn_on_violation -file system_wrapper_bus_skew_routed.rpt -pb system_wrapper_bus_skew_routed.pb -rpx system_wrapper_bus_skew_routed.rpx
INFO: [Timing 38-91] UpdateTimingParams: Speed grade: -2LV, Temperature grade: C, Delay Type: min_max.
INFO: [Timing 38-191] Multithreading enabled for timing update using a maximum of 4 CPUs
INFO: [Vivado 12-24828] Executing command : report_route_status -file system_wrapper_route_status.rpt -pb system_wrapper_route_status.pb
INFO: [Vivado 12-24828] Executing command : report_power -file system_wrapper_power_routed.rpt -pb system_wrapper_power_summary_routed.pb -rpx system_wrapper_power_routed.rpx
Command: report_power -file system_wrapper_power_routed.rpt -pb system_wrapper_power_summary_routed.pb -rpx system_wrapper_power_routed.rpx
Running Vector-less Activity Propagation...

Finished Running Vector-less Activity Propagation
191 Infos, 115 Warnings, 0 Critical Warnings and 0 Errors encountered.
report_power completed successfully
report_power: Time (s): cpu = 00:00:42 ; elapsed = 00:00:35 . Memory (MB): peak = 5068.066 ; gain = 0.000 ; free physical = 484 ; free virtual = 9688
INFO: [Vivado 12-24828] Executing command : report_clock_utilization -file system_wrapper_clock_utilization_routed.rpt
WARNING: [Device 21-9320] Failed to find the Oracle tile group with name 'HSR_BOUNDARY_TOP'. This is required for Clock regions and Virtual grid.
WARNING: [Device 21-2174] Failed to initialize Virtual grid.
report_clock_utilization: Time (s): cpu = 00:00:14 ; elapsed = 00:00:15 . Memory (MB): peak = 5068.066 ; gain = 0.000 ; free physical = 359 ; free virtual = 9635
generate_parallel_reports: Time (s): cpu = 00:02:39 ; elapsed = 00:01:33 . Memory (MB): peak = 5068.066 ; gain = 24.012 ; free physical = 359 ; free virtual = 9635
INFO: [Timing 38-480] Writing timing data to binary archive.
Write ShapeDB Complete: Time (s): cpu = 00:00:00.85 ; elapsed = 00:00:00.35 . Memory (MB): peak = 5068.066 ; gain = 0.000 ; free physical = 349 ; free virtual = 9628
Wrote PlaceDB: Time (s): cpu = 00:00:09 ; elapsed = 00:00:04 . Memory (MB): peak = 5068.066 ; gain = 0.000 ; free physical = 371 ; free virtual = 9636
Wrote PulsedLatchDB: Time (s): cpu = 00:00:00 ; elapsed = 00:00:00 . Memory (MB): peak = 5068.066 ; gain = 0.000 ; free physical = 371 ; free virtual = 9636
Writing XDEF routing.
Writing XDEF routing logical nets.
Writing XDEF routing special nets.
Wrote RouteStorage: Time (s): cpu = 00:00:01 ; elapsed = 00:00:00.82 . Memory (MB): peak = 5068.066 ; gain = 0.000 ; free physical = 365 ; free virtual = 9635
Wrote Netlist Cache: Time (s): cpu = 00:00:00.16 ; elapsed = 00:00:00.1 . Memory (MB): peak = 5068.066 ; gain = 0.000 ; free physical = 365 ; free virtual = 9638
Wrote Device Cache: Time (s): cpu = 00:00:00.09 ; elapsed = 00:00:00.06 . Memory (MB): peak = 5068.066 ; gain = 0.000 ; free physical = 363 ; free virtual = 9639
Write Physdb Complete: Time (s): cpu = 00:00:10 ; elapsed = 00:00:05 . Memory (MB): peak = 5068.066 ; gain = 0.000 ; free physical = 363 ; free virtual = 9639
INFO: [Common 17-1381] The checkpoint '/home/fabio/AltoNivel/DFS/src/vivado/dfs_system/dfs_system.runs/impl_1/system_wrapper_routed.dcp' has been generated.
write_checkpoint: Time (s): cpu = 00:00:14 ; elapsed = 00:00:09 . Memory (MB): peak = 5068.066 ; gain = 0.000 ; free physical = 490 ; free virtual = 9737
INFO: [Common 17-206] Exiting Vivado at Sun Aug  2 22:34:24 2026...
[Sun Aug  2 22:34:39 2026] impl_1 finished
wait_on_runs: Time (s): cpu = 00:00:03 ; elapsed = 00:14:56 . Memory (MB): peak = 2022.473 ; gain = 0.000 ; free physical = 4412 ; free virtual = 13626
# if {[get_property PROGRESS [get_runs impl_1]] ne "100%"} {
#     puts stderr "build_bitstream.tcl: impl_1 did not reach route_design (status: [get_property STATUS [get_runs impl_1]])"
#     exit 1
# }
# set reports_dir [file join $repo_root src vivado reports]
# file mkdir $reports_dir
# open_run impl_1
INFO: [Device 21-403] Loading part xck26-sfvc784-2LV-c
Netlist sorting complete. Time (s): cpu = 00:00:01 ; elapsed = 00:00:01 . Memory (MB): peak = 2845.742 ; gain = 0.000 ; free physical = 3465 ; free virtual = 12797
INFO: [Netlist 29-17] Analyzing 1376 Unisim elements for replacement
INFO: [Netlist 29-28] Unisim Transformation completed in 2 CPU seconds
INFO: [Project 1-479] Netlist was created with Vivado 2024.1
INFO: [Project 1-570] Preparing netlist for logic optimization
Read ShapeDB Complete: Time (s): cpu = 00:00:00.2 ; elapsed = 00:00:00.2 . Memory (MB): peak = 2845.742 ; gain = 0.000 ; free physical = 3594 ; free virtual = 12836
INFO: [Timing 38-478] Restoring timing data from binary archive.
INFO: [Timing 38-479] Binary timing data restore complete.
INFO: [Project 1-856] Restoring constraints from binary archive.
INFO: [Project 1-853] Binary constraint restore complete.
INFO: [Designutils 20-5722] Start Reading Physical Databases.
Reading placement.
Read Netlist Cache: Time (s): cpu = 00:00:00.09 ; elapsed = 00:00:00.09 . Memory (MB): peak = 3230.008 ; gain = 0.000 ; free physical = 3451 ; free virtual = 12642
Reading placer database...
Read Device Cache: Time (s): cpu = 00:00:00.12 ; elapsed = 00:00:00.11 . Memory (MB): peak = 3230.008 ; gain = 0.000 ; free physical = 3451 ; free virtual = 12642
Read PlaceDB: Time (s): cpu = 00:00:07 ; elapsed = 00:00:07 . Memory (MB): peak = 3240.836 ; gain = 10.828 ; free physical = 3440 ; free virtual = 12631
Read PulsedLatchDB: Time (s): cpu = 00:00:00 ; elapsed = 00:00:00 . Memory (MB): peak = 3240.836 ; gain = 0.000 ; free physical = 3440 ; free virtual = 12631
Reading routing.
Read RouteStorage: Time (s): cpu = 00:00:14 ; elapsed = 00:00:14 . Memory (MB): peak = 3684.617 ; gain = 443.781 ; free physical = 3015 ; free virtual = 12212
Read Physdb Files: Time (s): cpu = 00:00:21 ; elapsed = 00:00:21 . Memory (MB): peak = 3684.617 ; gain = 454.609 ; free physical = 3015 ; free virtual = 12212
Restored from archive | CPU: 21.550000 secs | Memory: 427.686302 MB |
Finished XDEF File Restore: Time (s): cpu = 00:00:21 ; elapsed = 00:00:21 . Memory (MB): peak = 3684.617 ; gain = 454.609 ; free physical = 3015 ; free virtual = 12212
Netlist sorting complete. Time (s): cpu = 00:00:00.01 ; elapsed = 00:00:00 . Memory (MB): peak = 3684.617 ; gain = 0.000 ; free physical = 3015 ; free virtual = 12213
INFO: [Project 1-111] Unisim Transformation Summary:
  A total of 692 instances were transformed.
  DSP48E2 => DSP48E2 (DSP_ALU, DSP_A_B_DATA, DSP_C_DATA, DSP_MULTIPLIER, DSP_M_DATA, DSP_OUTPUT, DSP_PREADD, DSP_PREADD_DATA): 50 instances
  RAM16X1D => RAM32X1D (RAMD32(x2)): 1 instance 
  RAM16X1S => RAM32X1S (RAMS32): 339 instances
  RAM256X1S => RAM256X1S (MUXF7(x2), MUXF8, RAMS64E(x4)): 205 instances
  RAM32M => RAM32M (RAMD32(x6), RAMS32(x2)): 1 instance 
  RAM32M16 => RAM32M16 (RAMD32(x14), RAMS32(x2)): 90 instances
  RAM32X1D => RAM32X1D (RAMD32(x2)): 6 instances

open_run: Time (s): cpu = 00:01:20 ; elapsed = 00:01:20 . Memory (MB): peak = 3684.617 ; gain = 1662.145 ; free physical = 3015 ; free virtual = 12213
# set report_path [file join $reports_dir "timing_summary_bitstream.rpt"]
# report_timing_summary -delay_type min_max -file $report_path
INFO: [Timing 38-91] UpdateTimingParams: Speed grade: -2LV, Temperature grade: C, Delay Type: min_max.
INFO: [Timing 38-191] Multithreading enabled for timing update using a maximum of 4 CPUs
WARNING: [Device 21-9073] RSS factor Speedmodel not found for intent code NODE_GLOBAL_VDISTR
WARNING: [Device 21-9073] RSS factor Speedmodel not found for intent code NODE_GLOBAL_VROUTE
WARNING: [Device 21-9073] RSS factor Speedmodel not found for intent code NODE_GLOBAL_HDISTR
WARNING: [Device 21-9073] RSS factor Speedmodel not found for intent code NODE_GLOBAL_HROUTE
WARNING: [Device 21-9073] RSS factor Speedmodel not found for intent code NODE_GLOBAL_BUFG
WARNING: [Device 21-9073] RSS factor Speedmodel not found for intent code NODE_GLOBAL_LEAF
report_timing_summary: Time (s): cpu = 00:00:31 ; elapsed = 00:00:15 . Memory (MB): peak = 3750.461 ; gain = 65.844 ; free physical = 2947 ; free virtual = 12145
# set wns [get_property SLACK [get_timing_paths -max_paths 1 -nworst 1 -setup]]
# close_design
# set summary_path [file join $reports_dir "bitstream_summary.txt"]
# if {$wns < 0} {
#     set f [open $summary_path w]
#     puts $f "dfs_system on-board bitstream (issue #67)"
#     puts $f "Target: $actual_freq_mhz MHz (fixed, per #66's fmax_summary.txt margin note)"
#     puts $f "Worst setup slack (WNS) at $actual_freq_mhz MHz: $wns ns"
#     puts $f "Result: timing DOES NOT close at $actual_freq_mhz MHz -- bitstream NOT written."
#     puts $f "This should not happen at 200 MHz given #66's confirmed 204 MHz closure --"
#     puts $f "investigate before using this build on-board."
#     puts $f ""
#     puts $f "Full timing report: timing_summary_bitstream.rpt"
#     close $f
#     puts stderr "build_bitstream.tcl: WARNING -- timing does not close at $actual_freq_mhz MHz, see $summary_path"
#     exit 1
# }
# launch_runs impl_1 -to_step write_bitstream -jobs 4
[Sun Aug  2 22:36:18 2026] Launched impl_1...
Run output will be captured here: /home/fabio/AltoNivel/DFS/src/vivado/dfs_system/dfs_system.runs/impl_1/runme.log
# wait_on_run impl_1
[Sun Aug  2 22:36:18 2026] Waiting for impl_1 to finish...

*** Running vivado
    with args -log system_wrapper.vdi -applog -m64 -product Vivado -messageDb vivado.pb -mode batch -source system_wrapper.tcl -notrace


****** Vivado v2024.1 (64-bit)
  **** SW Build 5076996 on Wed May 22 18:36:09 MDT 2024
  **** IP Build 5075265 on Wed May 22 21:45:21 MDT 2024
  **** SharedData Build 5076995 on Wed May 22 18:29:18 MDT 2024
  **** Start of session at: Sun Aug  2 22:19:49 2026
    ** Copyright 1986-2022 Xilinx, Inc. All Rights Reserved.
    ** Copyright 2022-2024 Advanced Micro Devices, Inc. All Rights Reserved.

source system_wrapper.tcl -notrace
create_project: Time (s): cpu = 00:00:29 ; elapsed = 00:00:29 . Memory (MB): peak = 1376.629 ; gain = 34.809 ; free physical = 4320 ; free virtual = 13518
INFO: [IP_Flow 19-234] Refreshing IP repositories
INFO: [IP_Flow 19-1700] Loaded user IP repository '/home/fabio/AltoNivel/DFS/dfs_accel_prj/solution1/impl/ip'.
INFO: [IP_Flow 19-2313] Loaded Vivado IP repository '/tools/Xilinx/Vivado/2024.1/data/ip'.
add_files: Time (s): cpu = 00:00:10 ; elapsed = 00:00:10 . Memory (MB): peak = 1433.168 ; gain = 44.664 ; free physical = 4291 ; free virtual = 13453
Command: link_design -top system_wrapper -part xck26-sfvc784-2LV-c
Design is defaulting to srcset: sources_1
Design is defaulting to constrset: constrs_1
INFO: [Device 21-403] Loading part xck26-sfvc784-2LV-c
INFO: [Project 1-454] Reading design checkpoint '/home/fabio/AltoNivel/DFS/src/vivado/dfs_system/dfs_system.gen/sources_1/bd/system/ip/system_dfs_accel_0_0/system_dfs_accel_0_0.dcp' for cell 'system_i/dfs_accel_0'
INFO: [Project 1-454] Reading design checkpoint '/home/fabio/AltoNivel/DFS/src/vivado/dfs_system/dfs_system.gen/sources_1/bd/system/ip/system_proc_sys_reset_0_0/system_proc_sys_reset_0_0.dcp' for cell 'system_i/proc_sys_reset_0'
INFO: [Project 1-454] Reading design checkpoint '/home/fabio/AltoNivel/DFS/src/vivado/dfs_system/dfs_system.gen/sources_1/bd/system/ip/system_smartconnect_ctrl_0/system_smartconnect_ctrl_0.dcp' for cell 'system_i/smartconnect_ctrl'
INFO: [Project 1-454] Reading design checkpoint '/home/fabio/AltoNivel/DFS/src/vivado/dfs_system/dfs_system.gen/sources_1/bd/system/ip/system_smartconnect_data_0/system_smartconnect_data_0.dcp' for cell 'system_i/smartconnect_data'
INFO: [Project 1-454] Reading design checkpoint '/home/fabio/AltoNivel/DFS/src/vivado/dfs_system/dfs_system.gen/sources_1/bd/system/ip/system_zynq_ultra_ps_e_0_0/system_zynq_ultra_ps_e_0_0.dcp' for cell 'system_i/zynq_ultra_ps_e_0'
Netlist sorting complete. Time (s): cpu = 00:00:01 ; elapsed = 00:00:01 . Memory (MB): peak = 2392.395 ; gain = 0.000 ; free physical = 3269 ; free virtual = 12439
INFO: [Netlist 29-17] Analyzing 1378 Unisim elements for replacement
INFO: [Netlist 29-28] Unisim Transformation completed in 2 CPU seconds
INFO: [Project 1-479] Netlist was created with Vivado 2024.1
INFO: [Project 1-570] Preparing netlist for logic optimization
Parsing XDC File [/home/fabio/AltoNivel/DFS/src/vivado/dfs_system/dfs_system.gen/sources_1/bd/system/ip/system_smartconnect_data_0/bd_0/ip/ip_11/bd_6415_sarn_0_clocks.xdc] for cell 'system_i/smartconnect_data/inst/s00_nodes/s00_ar_node/inst'
WARNING: [Vivado_Tcl 4-921] Waiver ID 'CDC-1' -to list should not be empty. [/home/fabio/AltoNivel/DFS/src/vivado/dfs_system/dfs_system.gen/sources_1/bd/system/ip/system_smartconnect_data_0/bd_0/ip/ip_11/bd_6415_sarn_0_clocks.xdc:49]
WARNING: [Vivado_Tcl 4-921] Waiver ID 'CDC-1' -to list should not be empty. [/home/fabio/AltoNivel/DFS/src/vivado/dfs_system/dfs_system.gen/sources_1/bd/system/ip/system_smartconnect_data_0/bd_0/ip/ip_11/bd_6415_sarn_0_clocks.xdc:52]
WARNING: [Vivado_Tcl 4-921] Waiver ID 'CDC-1' -to list should not be empty. [/home/fabio/AltoNivel/DFS/src/vivado/dfs_system/dfs_system.gen/sources_1/bd/system/ip/system_smartconnect_data_0/bd_0/ip/ip_11/bd_6415_sarn_0_clocks.xdc:55]
WARNING: [Vivado_Tcl 4-921] Waiver ID 'CDC-1' -to list should not be empty. [/home/fabio/AltoNivel/DFS/src/vivado/dfs_system/dfs_system.gen/sources_1/bd/system/ip/system_smartconnect_data_0/bd_0/ip/ip_11/bd_6415_sarn_0_clocks.xdc:59]
WARNING: [Vivado_Tcl 4-921] Waiver ID 'CDC-1' -to list should not be empty. [/home/fabio/AltoNivel/DFS/src/vivado/dfs_system/dfs_system.gen/sources_1/bd/system/ip/system_smartconnect_data_0/bd_0/ip/ip_11/bd_6415_sarn_0_clocks.xdc:63]
WARNING: [Vivado_Tcl 4-921] Waiver ID 'CDC-1' -to list should not be empty. [/home/fabio/AltoNivel/DFS/src/vivado/dfs_system/dfs_system.gen/sources_1/bd/system/ip/system_smartconnect_data_0/bd_0/ip/ip_11/bd_6415_sarn_0_clocks.xdc:66]
WARNING: [Vivado_Tcl 4-921] Waiver ID 'CDC-1' -to list should not be empty. [/home/fabio/AltoNivel/DFS/src/vivado/dfs_system/dfs_system.gen/sources_1/bd/system/ip/system_smartconnect_data_0/bd_0/ip/ip_11/bd_6415_sarn_0_clocks.xdc:70]
WARNING: [Vivado_Tcl 4-921] Waiver ID 'CDC-1' -to list should not be empty. [/home/fabio/AltoNivel/DFS/src/vivado/dfs_system/dfs_system.gen/sources_1/bd/system/ip/system_smartconnect_data_0/bd_0/ip/ip_11/bd_6415_sarn_0_clocks.xdc:73]
WARNING: [Vivado_Tcl 4-921] Waiver ID 'CDC-1' -to list should not be empty. [/home/fabio/AltoNivel/DFS/src/vivado/dfs_system/dfs_system.gen/sources_1/bd/system/ip/system_smartconnect_data_0/bd_0/ip/ip_11/bd_6415_sarn_0_clocks.xdc:76]
WARNING: [Vivado_Tcl 4-921] Waiver ID 'CDC-1' -to list should not be empty. [/home/fabio/AltoNivel/DFS/src/vivado/dfs_system/dfs_system.gen/sources_1/bd/system/ip/system_smartconnect_data_0/bd_0/ip/ip_11/bd_6415_sarn_0_clocks.xdc:79]
WARNING: [Vivado_Tcl 4-921] Waiver ID 'CDC-1' -to list should not be empty. [/home/fabio/AltoNivel/DFS/src/vivado/dfs_system/dfs_system.gen/sources_1/bd/system/ip/system_smartconnect_data_0/bd_0/ip/ip_11/bd_6415_sarn_0_clocks.xdc:82]
WARNING: [Vivado_Tcl 4-921] Waiver ID 'CDC-4' -to list should not be empty. [/home/fabio/AltoNivel/DFS/src/vivado/dfs_system/dfs_system.gen/sources_1/bd/system/ip/system_smartconnect_data_0/bd_0/ip/ip_11/bd_6415_sarn_0_clocks.xdc:85]
WARNING: [Vivado_Tcl 4-921] Waiver ID 'CDC-4' -to list should not be empty. [/home/fabio/AltoNivel/DFS/src/vivado/dfs_system/dfs_system.gen/sources_1/bd/system/ip/system_smartconnect_data_0/bd_0/ip/ip_11/bd_6415_sarn_0_clocks.xdc:88]
WARNING: [Vivado_Tcl 4-921] Waiver ID 'CDC-2' -to list should not be empty. [/home/fabio/AltoNivel/DFS/src/vivado/dfs_system/dfs_system.gen/sources_1/bd/system/ip/system_smartconnect_data_0/bd_0/ip/ip_11/bd_6415_sarn_0_clocks.xdc:91]
WARNING: [Vivado_Tcl 4-921] Waiver ID 'CDC-2' -to list should not be empty. [/home/fabio/AltoNivel/DFS/src/vivado/dfs_system/dfs_system.gen/sources_1/bd/system/ip/system_smartconnect_data_0/bd_0/ip/ip_11/bd_6415_sarn_0_clocks.xdc:94]
WARNING: [Vivado_Tcl 4-921] Waiver ID 'CDC-2' -to list should not be empty. [/home/fabio/AltoNivel/DFS/src/vivado/dfs_system/dfs_system.gen/sources_1/bd/system/ip/system_smartconnect_data_0/bd_0/ip/ip_11/bd_6415_sarn_0_clocks.xdc:97]
WARNING: [Vivado_Tcl 4-921] Waiver ID 'CDC-2' -to list should not be empty. [/home/fabio/AltoNivel/DFS/src/vivado/dfs_system/dfs_system.gen/sources_1/bd/system/ip/system_smartconnect_data_0/bd_0/ip/ip_11/bd_6415_sarn_0_clocks.xdc:100]
WARNING: [Vivado_Tcl 4-921] Waiver ID 'CDC-1' -to list should not be empty. [/home/fabio/AltoNivel/DFS/src/vivado/dfs_system/dfs_system.gen/sources_1/bd/system/ip/system_smartconnect_data_0/bd_0/ip/ip_11/bd_6415_sarn_0_clocks.xdc:104]
WARNING: [Vivado_Tcl 4-921] Waiver ID 'CDC-10' -to list should not be empty. [/home/fabio/AltoNivel/DFS/src/vivado/dfs_system/dfs_system.gen/sources_1/bd/system/ip/system_smartconnect_data_0/bd_0/ip/ip_11/bd_6415_sarn_0_clocks.xdc:107]
WARNING: [Vivado_Tcl 4-921] Waiver ID 'CDC-10' -to list should not be empty. [/home/fabio/AltoNivel/DFS/src/vivado/dfs_system/dfs_system.gen/sources_1/bd/system/ip/system_smartconnect_data_0/bd_0/ip/ip_11/bd_6415_sarn_0_clocks.xdc:110]
WARNING: [Vivado_Tcl 4-921] Waiver ID 'CDC-1' -to list should not be empty. [/home/fabio/AltoNivel/DFS/src/vivado/dfs_system/dfs_system.gen/sources_1/bd/system/ip/system_smartconnect_data_0/bd_0/ip/ip_11/bd_6415_sarn_0_clocks.xdc:113]
WARNING: [Vivado_Tcl 4-921] Waiver ID 'CDC-1' -to list should not be empty. [/home/fabio/AltoNivel/DFS/src/vivado/dfs_system/dfs_system.gen/sources_1/bd/system/ip/system_smartconnect_data_0/bd_0/ip/ip_11/bd_6415_sarn_0_clocks.xdc:116]
WARNING: [Vivado_Tcl 4-921] Waiver ID 'CDC-1' -to list should not be empty. [/home/fabio/AltoNivel/DFS/src/vivado/dfs_system/dfs_system.gen/sources_1/bd/system/ip/system_smartconnect_data_0/bd_0/ip/ip_11/bd_6415_sarn_0_clocks.xdc:119]
WARNING: [Vivado_Tcl 4-921] Waiver ID 'CDC-13' -to list should not be empty. [/home/fabio/AltoNivel/DFS/src/vivado/dfs_system/dfs_system.gen/sources_1/bd/system/ip/system_smartconnect_data_0/bd_0/ip/ip_11/bd_6415_sarn_0_clocks.xdc:122]
WARNING: [Vivado_Tcl 4-921] Waiver ID 'CDC-1' -to list should not be empty. [/home/fabio/AltoNivel/DFS/src/vivado/dfs_system/dfs_system.gen/sources_1/bd/system/ip/system_smartconnect_data_0/bd_0/ip/ip_11/bd_6415_sarn_0_clocks.xdc:125]
WARNING: [Vivado_Tcl 4-921] Waiver ID 'CDC-1' -to list should not be empty. [/home/fabio/AltoNivel/DFS/src/vivado/dfs_system/dfs_system.gen/sources_1/bd/system/ip/system_smartconnect_data_0/bd_0/ip/ip_11/bd_6415_sarn_0_clocks.xdc:128]
WARNING: [Vivado_Tcl 4-921] Waiver ID 'CDC-13' -to list should not be empty. [/home/fabio/AltoNivel/DFS/src/vivado/dfs_system/dfs_system.gen/sources_1/bd/system/ip/system_smartconnect_data_0/bd_0/ip/ip_11/bd_6415_sarn_0_clocks.xdc:131]
WARNING: [Vivado_Tcl 4-921] Waiver ID 'CDC-1' -to list should not be empty. [/home/fabio/AltoNivel/DFS/src/vivado/dfs_system/dfs_system.gen/sources_1/bd/system/ip/system_smartconnect_data_0/bd_0/ip/ip_11/bd_6415_sarn_0_clocks.xdc:134]
WARNING: [Vivado_Tcl 4-921] Waiver ID 'CDC-10' -to list should not be empty. [/home/fabio/AltoNivel/DFS/src/vivado/dfs_system/dfs_system.gen/sources_1/bd/system/ip/system_smartconnect_data_0/bd_0/ip/ip_11/bd_6415_sarn_0_clocks.xdc:137]
WARNING: [Vivado_Tcl 4-921] Waiver ID 'CDC-1' -to list should not be empty. [/home/fabio/AltoNivel/DFS/src/vivado/dfs_system/dfs_system.gen/sources_1/bd/system/ip/system_smartconnect_data_0/bd_0/ip/ip_11/bd_6415_sarn_0_clocks.xdc:140]
WARNING: [Vivado_Tcl 4-921] Waiver ID 'CDC-1' -to list should not be empty. [/home/fabio/AltoNivel/DFS/src/vivado/dfs_system/dfs_system.gen/sources_1/bd/system/ip/system_smartconnect_data_0/bd_0/ip/ip_11/bd_6415_sarn_0_clocks.xdc:143]
WARNING: [Vivado_Tcl 4-921] Waiver ID 'CDC-1' -to list should not be empty. [/home/fabio/AltoNivel/DFS/src/vivado/dfs_system/dfs_system.gen/sources_1/bd/system/ip/system_smartconnect_data_0/bd_0/ip/ip_11/bd_6415_sarn_0_clocks.xdc:146]
WARNING: [Vivado_Tcl 4-921] Waiver ID 'CDC-2' -to list should not be empty. [/home/fabio/AltoNivel/DFS/src/vivado/dfs_system/dfs_system.gen/sources_1/bd/system/ip/system_smartconnect_data_0/bd_0/ip/ip_11/bd_6415_sarn_0_clocks.xdc:149]
WARNING: [Vivado_Tcl 4-921] Waiver ID 'CDC-1' -to list should not be empty. [/home/fabio/AltoNivel/DFS/src/vivado/dfs_system/dfs_system.gen/sources_1/bd/system/ip/system_smartconnect_data_0/bd_0/ip/ip_11/bd_6415_sarn_0_clocks.xdc:152]
WARNING: [Vivado_Tcl 4-921] Waiver ID 'CDC-1' -to list should not be empty. [/home/fabio/AltoNivel/DFS/src/vivado/dfs_system/dfs_system.gen/sources_1/bd/system/ip/system_smartconnect_data_0/bd_0/ip/ip_11/bd_6415_sarn_0_clocks.xdc:155]
WARNING: [Vivado_Tcl 4-921] Waiver ID 'CDC-10' -to list should not be empty. [/home/fabio/AltoNivel/DFS/src/vivado/dfs_system/dfs_system.gen/sources_1/bd/system/ip/system_smartconnect_data_0/bd_0/ip/ip_11/bd_6415_sarn_0_clocks.xdc:161]
WARNING: [Vivado_Tcl 4-921] Waiver ID 'CDC-4' -to list should not be empty. [/home/fabio/AltoNivel/DFS/src/vivado/dfs_system/dfs_system.gen/sources_1/bd/system/ip/system_smartconnect_data_0/bd_0/ip/ip_11/bd_6415_sarn_0_clocks.xdc:164]
WARNING: [Vivado_Tcl 4-921] Waiver ID 'CDC-4' -to list should not be empty. [/home/fabio/AltoNivel/DFS/src/vivado/dfs_system/dfs_system.gen/sources_1/bd/system/ip/system_smartconnect_data_0/bd_0/ip/ip_11/bd_6415_sarn_0_clocks.xdc:167]
WARNING: [Vivado_Tcl 4-921] Waiver ID 'CDC-4' -to list should not be empty. [/home/fabio/AltoNivel/DFS/src/vivado/dfs_system/dfs_system.gen/sources_1/bd/system/ip/system_smartconnect_data_0/bd_0/ip/ip_11/bd_6415_sarn_0_clocks.xdc:171]
WARNING: [Vivado_Tcl 4-921] Waiver ID 'CDC-4' -to list should not be empty. [/home/fabio/AltoNivel/DFS/src/vivado/dfs_system/dfs_system.gen/sources_1/bd/system/ip/system_smartconnect_data_0/bd_0/ip/ip_11/bd_6415_sarn_0_clocks.xdc:174]
WARNING: [Vivado_Tcl 4-921] Waiver ID 'CDC-1' -to list should not be empty. [/home/fabio/AltoNivel/DFS/src/vivado/dfs_system/dfs_system.gen/sources_1/bd/system/ip/system_smartconnect_data_0/bd_0/ip/ip_11/bd_6415_sarn_0_clocks.xdc:178]
WARNING: [Vivado_Tcl 4-921] Waiver ID 'CDC-1' -to list should not be empty. [/home/fabio/AltoNivel/DFS/src/vivado/dfs_system/dfs_system.gen/sources_1/bd/system/ip/system_smartconnect_data_0/bd_0/ip/ip_11/bd_6415_sarn_0_clocks.xdc:181]
WARNING: [Vivado_Tcl 4-921] Waiver ID 'CDC-13' -to list should not be empty. [/home/fabio/AltoNivel/DFS/src/vivado/dfs_system/dfs_system.gen/sources_1/bd/system/ip/system_smartconnect_data_0/bd_0/ip/ip_11/bd_6415_sarn_0_clocks.xdc:184]
Finished Parsing XDC File [/home/fabio/AltoNivel/DFS/src/vivado/dfs_system/dfs_system.gen/sources_1/bd/system/ip/system_smartconnect_data_0/bd_0/ip/ip_11/bd_6415_sarn_0_clocks.xdc] for cell 'system_i/smartconnect_data/inst/s00_nodes/s00_ar_node/inst'
Parsing XDC File [/home/fabio/AltoNivel/DFS/src/vivado/dfs_system/dfs_system.gen/sources_1/bd/system/ip/system_smartconnect_data_0/smartconnect.xdc] for cell 'system_i/smartconnect_data/inst'
WARNING: [Vivado_Tcl 4-919] Waiver ID 'CDC-1' -from list should not be empty. [/home/fabio/AltoNivel/DFS/src/vivado/dfs_system/dfs_system.gen/sources_1/bd/system/ip/system_smartconnect_data_0/smartconnect.xdc:1]
WARNING: [Vivado_Tcl 4-921] Waiver ID 'CDC-1' -to list should not be empty. [/home/fabio/AltoNivel/DFS/src/vivado/dfs_system/dfs_system.gen/sources_1/bd/system/ip/system_smartconnect_data_0/smartconnect.xdc:2]
WARNING: [Vivado_Tcl 4-921] Waiver ID 'CDC-1' -to list should not be empty. [/home/fabio/AltoNivel/DFS/src/vivado/dfs_system/dfs_system.gen/sources_1/bd/system/ip/system_smartconnect_data_0/smartconnect.xdc:3]
WARNING: [Vivado_Tcl 4-921] Waiver ID 'CDC-1' -to list should not be empty. [/home/fabio/AltoNivel/DFS/src/vivado/dfs_system/dfs_system.gen/sources_1/bd/system/ip/system_smartconnect_data_0/smartconnect.xdc:4]
WARNING: [Vivado_Tcl 4-921] Waiver ID 'CDC-1' -to list should not be empty. [/home/fabio/AltoNivel/DFS/src/vivado/dfs_system/dfs_system.gen/sources_1/bd/system/ip/system_smartconnect_data_0/smartconnect.xdc:5]
WARNING: [Vivado_Tcl 4-921] Waiver ID 'CDC-1' -to list should not be empty. [/home/fabio/AltoNivel/DFS/src/vivado/dfs_system/dfs_system.gen/sources_1/bd/system/ip/system_smartconnect_data_0/smartconnect.xdc:6]
WARNING: [Vivado_Tcl 4-921] Waiver ID 'CDC-1' -to list should not be empty. [/home/fabio/AltoNivel/DFS/src/vivado/dfs_system/dfs_system.gen/sources_1/bd/system/ip/system_smartconnect_data_0/smartconnect.xdc:7]
WARNING: [Vivado_Tcl 4-921] Waiver ID 'CDC-1' -to list should not be empty. [/home/fabio/AltoNivel/DFS/src/vivado/dfs_system/dfs_system.gen/sources_1/bd/system/ip/system_smartconnect_data_0/smartconnect.xdc:8]
WARNING: [Vivado_Tcl 4-921] Waiver ID 'CDC-1' -to list should not be empty. [/home/fabio/AltoNivel/DFS/src/vivado/dfs_system/dfs_system.gen/sources_1/bd/system/ip/system_smartconnect_data_0/smartconnect.xdc:9]
WARNING: [Vivado_Tcl 4-921] Waiver ID 'CDC-1' -to list should not be empty. [/home/fabio/AltoNivel/DFS/src/vivado/dfs_system/dfs_system.gen/sources_1/bd/system/ip/system_smartconnect_data_0/smartconnect.xdc:10]
Finished Parsing XDC File [/home/fabio/AltoNivel/DFS/src/vivado/dfs_system/dfs_system.gen/sources_1/bd/system/ip/system_smartconnect_data_0/smartconnect.xdc] for cell 'system_i/smartconnect_data/inst'
Parsing XDC File [/home/fabio/AltoNivel/DFS/src/vivado/dfs_system/dfs_system.gen/sources_1/bd/system/ip/system_smartconnect_data_0/bd_0/ip/ip_31/bd_6415_m00bn_0_clocks.xdc] for cell 'system_i/smartconnect_data/inst/m00_nodes/m00_b_node/inst'
WARNING: [Vivado_Tcl 4-921] Waiver ID 'CDC-1' -to list should not be empty. [/home/fabio/AltoNivel/DFS/src/vivado/dfs_system/dfs_system.gen/sources_1/bd/system/ip/system_smartconnect_data_0/bd_0/ip/ip_31/bd_6415_m00bn_0_clocks.xdc:49]
WARNING: [Vivado_Tcl 4-921] Waiver ID 'CDC-1' -to list should not be empty. [/home/fabio/AltoNivel/DFS/src/vivado/dfs_system/dfs_system.gen/sources_1/bd/system/ip/system_smartconnect_data_0/bd_0/ip/ip_31/bd_6415_m00bn_0_clocks.xdc:52]
WARNING: [Vivado_Tcl 4-921] Waiver ID 'CDC-1' -to list should not be empty. [/home/fabio/AltoNivel/DFS/src/vivado/dfs_system/dfs_system.gen/sources_1/bd/system/ip/system_smartconnect_data_0/bd_0/ip/ip_31/bd_6415_m00bn_0_clocks.xdc:55]
WARNING: [Vivado_Tcl 4-921] Waiver ID 'CDC-1' -to list should not be empty. [/home/fabio/AltoNivel/DFS/src/vivado/dfs_system/dfs_system.gen/sources_1/bd/system/ip/system_smartconnect_data_0/bd_0/ip/ip_31/bd_6415_m00bn_0_clocks.xdc:59]
WARNING: [Vivado_Tcl 4-921] Waiver ID 'CDC-1' -to list should not be empty. [/home/fabio/AltoNivel/DFS/src/vivado/dfs_system/dfs_system.gen/sources_1/bd/system/ip/system_smartconnect_data_0/bd_0/ip/ip_31/bd_6415_m00bn_0_clocks.xdc:63]
WARNING: [Vivado_Tcl 4-921] Waiver ID 'CDC-1' -to list should not be empty. [/home/fabio/AltoNivel/DFS/src/vivado/dfs_system/dfs_system.gen/sources_1/bd/system/ip/system_smartconnect_data_0/bd_0/ip/ip_31/bd_6415_m00bn_0_clocks.xdc:66]
WARNING: [Vivado_Tcl 4-921] Waiver ID 'CDC-1' -to list should not be empty. [/home/fabio/AltoNivel/DFS/src/vivado/dfs_system/dfs_system.gen/sources_1/bd/system/ip/system_smartconnect_data_0/bd_0/ip/ip_31/bd_6415_m00bn_0_clocks.xdc:70]
WARNING: [Vivado_Tcl 4-921] Waiver ID 'CDC-1' -to list should not be empty. [/home/fabio/AltoNivel/DFS/src/vivado/dfs_system/dfs_system.gen/sources_1/bd/system/ip/system_smartconnect_data_0/bd_0/ip/ip_31/bd_6415_m00bn_0_clocks.xdc:73]
WARNING: [Vivado_Tcl 4-921] Waiver ID 'CDC-1' -to list should not be empty. [/home/fabio/AltoNivel/DFS/src/vivado/dfs_system/dfs_system.gen/sources_1/bd/system/ip/system_smartconnect_data_0/bd_0/ip/ip_31/bd_6415_m00bn_0_clocks.xdc:76]
WARNING: [Vivado_Tcl 4-921] Waiver ID 'CDC-1' -to list should not be empty. [/home/fabio/AltoNivel/DFS/src/vivado/dfs_system/dfs_system.gen/sources_1/bd/system/ip/system_smartconnect_data_0/bd_0/ip/ip_31/bd_6415_m00bn_0_clocks.xdc:79]
WARNING: [Vivado_Tcl 4-921] Waiver ID 'CDC-4' -to list should not be empty. [/home/fabio/AltoNivel/DFS/src/vivado/dfs_system/dfs_system.gen/sources_1/bd/system/ip/system_smartconnect_data_0/bd_0/ip/ip_31/bd_6415_m00bn_0_clocks.xdc:85]
WARNING: [Vivado_Tcl 4-921] Waiver ID 'CDC-4' -to list should not be empty. [/home/fabio/AltoNivel/DFS/src/vivado/dfs_system/dfs_system.gen/sources_1/bd/system/ip/system_smartconnect_data_0/bd_0/ip/ip_31/bd_6415_m00bn_0_clocks.xdc:88]
WARNING: [Vivado_Tcl 4-921] Waiver ID 'CDC-2' -to list should not be empty. [/home/fabio/AltoNivel/DFS/src/vivado/dfs_system/dfs_system.gen/sources_1/bd/system/ip/system_smartconnect_data_0/bd_0/ip/ip_31/bd_6415_m00bn_0_clocks.xdc:91]
WARNING: [Vivado_Tcl 4-921] Waiver ID 'CDC-2' -to list should not be empty. [/home/fabio/AltoNivel/DFS/src/vivado/dfs_system/dfs_system.gen/sources_1/bd/system/ip/system_smartconnect_data_0/bd_0/ip/ip_31/bd_6415_m00bn_0_clocks.xdc:94]
WARNING: [Vivado_Tcl 4-921] Waiver ID 'CDC-2' -to list should not be empty. [/home/fabio/AltoNivel/DFS/src/vivado/dfs_system/dfs_system.gen/sources_1/bd/system/ip/system_smartconnect_data_0/bd_0/ip/ip_31/bd_6415_m00bn_0_clocks.xdc:97]
WARNING: [Vivado_Tcl 4-921] Waiver ID 'CDC-2' -to list should not be empty. [/home/fabio/AltoNivel/DFS/src/vivado/dfs_system/dfs_system.gen/sources_1/bd/system/ip/system_smartconnect_data_0/bd_0/ip/ip_31/bd_6415_m00bn_0_clocks.xdc:100]
WARNING: [Vivado_Tcl 4-921] Waiver ID 'CDC-1' -to list should not be empty. [/home/fabio/AltoNivel/DFS/src/vivado/dfs_system/dfs_system.gen/sources_1/bd/system/ip/system_smartconnect_data_0/bd_0/ip/ip_31/bd_6415_m00bn_0_clocks.xdc:104]
WARNING: [Vivado_Tcl 4-921] Waiver ID 'CDC-10' -to list should not be empty. [/home/fabio/AltoNivel/DFS/src/vivado/dfs_system/dfs_system.gen/sources_1/bd/system/ip/system_smartconnect_data_0/bd_0/ip/ip_31/bd_6415_m00bn_0_clocks.xdc:107]
WARNING: [Vivado_Tcl 4-921] Waiver ID 'CDC-10' -to list should not be empty. [/home/fabio/AltoNivel/DFS/src/vivado/dfs_system/dfs_system.gen/sources_1/bd/system/ip/system_smartconnect_data_0/bd_0/ip/ip_31/bd_6415_m00bn_0_clocks.xdc:110]
WARNING: [Vivado_Tcl 4-921] Waiver ID 'CDC-1' -to list should not be empty. [/home/fabio/AltoNivel/DFS/src/vivado/dfs_system/dfs_system.gen/sources_1/bd/system/ip/system_smartconnect_data_0/bd_0/ip/ip_31/bd_6415_m00bn_0_clocks.xdc:113]
WARNING: [Vivado_Tcl 4-921] Waiver ID 'CDC-1' -to list should not be empty. [/home/fabio/AltoNivel/DFS/src/vivado/dfs_system/dfs_system.gen/sources_1/bd/system/ip/system_smartconnect_data_0/bd_0/ip/ip_31/bd_6415_m00bn_0_clocks.xdc:116]
WARNING: [Vivado_Tcl 4-921] Waiver ID 'CDC-1' -to list should not be empty. [/home/fabio/AltoNivel/DFS/src/vivado/dfs_system/dfs_system.gen/sources_1/bd/system/ip/system_smartconnect_data_0/bd_0/ip/ip_31/bd_6415_m00bn_0_clocks.xdc:119]
WARNING: [Vivado_Tcl 4-921] Waiver ID 'CDC-13' -to list should not be empty. [/home/fabio/AltoNivel/DFS/src/vivado/dfs_system/dfs_system.gen/sources_1/bd/system/ip/system_smartconnect_data_0/bd_0/ip/ip_31/bd_6415_m00bn_0_clocks.xdc:122]
WARNING: [Vivado_Tcl 4-921] Waiver ID 'CDC-1' -to list should not be empty. [/home/fabio/AltoNivel/DFS/src/vivado/dfs_system/dfs_system.gen/sources_1/bd/system/ip/system_smartconnect_data_0/bd_0/ip/ip_31/bd_6415_m00bn_0_clocks.xdc:125]
WARNING: [Vivado_Tcl 4-921] Waiver ID 'CDC-1' -to list should not be empty. [/home/fabio/AltoNivel/DFS/src/vivado/dfs_system/dfs_system.gen/sources_1/bd/system/ip/system_smartconnect_data_0/bd_0/ip/ip_31/bd_6415_m00bn_0_clocks.xdc:128]
WARNING: [Vivado_Tcl 4-921] Waiver ID 'CDC-13' -to list should not be empty. [/home/fabio/AltoNivel/DFS/src/vivado/dfs_system/dfs_system.gen/sources_1/bd/system/ip/system_smartconnect_data_0/bd_0/ip/ip_31/bd_6415_m00bn_0_clocks.xdc:131]
WARNING: [Vivado_Tcl 4-921] Waiver ID 'CDC-1' -to list should not be empty. [/home/fabio/AltoNivel/DFS/src/vivado/dfs_system/dfs_system.gen/sources_1/bd/system/ip/system_smartconnect_data_0/bd_0/ip/ip_31/bd_6415_m00bn_0_clocks.xdc:134]
WARNING: [Vivado_Tcl 4-921] Waiver ID 'CDC-10' -to list should not be empty. [/home/fabio/AltoNivel/DFS/src/vivado/dfs_system/dfs_system.gen/sources_1/bd/system/ip/system_smartconnect_data_0/bd_0/ip/ip_31/bd_6415_m00bn_0_clocks.xdc:137]
WARNING: [Vivado_Tcl 4-921] Waiver ID 'CDC-1' -to list should not be empty. [/home/fabio/AltoNivel/DFS/src/vivado/dfs_system/dfs_system.gen/sources_1/bd/system/ip/system_smartconnect_data_0/bd_0/ip/ip_31/bd_6415_m00bn_0_clocks.xdc:140]
WARNING: [Vivado_Tcl 4-921] Waiver ID 'CDC-1' -to list should not be empty. [/home/fabio/AltoNivel/DFS/src/vivado/dfs_system/dfs_system.gen/sources_1/bd/system/ip/system_smartconnect_data_0/bd_0/ip/ip_31/bd_6415_m00bn_0_clocks.xdc:143]
WARNING: [Vivado_Tcl 4-921] Waiver ID 'CDC-1' -to list should not be empty. [/home/fabio/AltoNivel/DFS/src/vivado/dfs_system/dfs_system.gen/sources_1/bd/system/ip/system_smartconnect_data_0/bd_0/ip/ip_31/bd_6415_m00bn_0_clocks.xdc:146]
WARNING: [Vivado_Tcl 4-921] Waiver ID 'CDC-2' -to list should not be empty. [/home/fabio/AltoNivel/DFS/src/vivado/dfs_system/dfs_system.gen/sources_1/bd/system/ip/system_smartconnect_data_0/bd_0/ip/ip_31/bd_6415_m00bn_0_clocks.xdc:149]
WARNING: [Vivado_Tcl 4-921] Waiver ID 'CDC-1' -to list should not be empty. [/home/fabio/AltoNivel/DFS/src/vivado/dfs_system/dfs_system.gen/sources_1/bd/system/ip/system_smartconnect_data_0/bd_0/ip/ip_31/bd_6415_m00bn_0_clocks.xdc:152]
WARNING: [Vivado_Tcl 4-921] Waiver ID 'CDC-1' -to list should not be empty. [/home/fabio/AltoNivel/DFS/src/vivado/dfs_system/dfs_system.gen/sources_1/bd/system/ip/system_smartconnect_data_0/bd_0/ip/ip_31/bd_6415_m00bn_0_clocks.xdc:155]
WARNING: [Vivado_Tcl 4-921] Waiver ID 'CDC-10' -to list should not be empty. [/home/fabio/AltoNivel/DFS/src/vivado/dfs_system/dfs_system.gen/sources_1/bd/system/ip/system_smartconnect_data_0/bd_0/ip/ip_31/bd_6415_m00bn_0_clocks.xdc:161]
WARNING: [Vivado_Tcl 4-921] Waiver ID 'CDC-4' -to list should not be empty. [/home/fabio/AltoNivel/DFS/src/vivado/dfs_system/dfs_system.gen/sources_1/bd/system/ip/system_smartconnect_data_0/bd_0/ip/ip_31/bd_6415_m00bn_0_clocks.xdc:164]
WARNING: [Vivado_Tcl 4-921] Waiver ID 'CDC-4' -to list should not be empty. [/home/fabio/AltoNivel/DFS/src/vivado/dfs_system/dfs_system.gen/sources_1/bd/system/ip/system_smartconnect_data_0/bd_0/ip/ip_31/bd_6415_m00bn_0_clocks.xdc:167]
WARNING: [Vivado_Tcl 4-921] Waiver ID 'CDC-4' -to list should not be empty. [/home/fabio/AltoNivel/DFS/src/vivado/dfs_system/dfs_system.gen/sources_1/bd/system/ip/system_smartconnect_data_0/bd_0/ip/ip_31/bd_6415_m00bn_0_clocks.xdc:171]
WARNING: [Vivado_Tcl 4-921] Waiver ID 'CDC-4' -to list should not be empty. [/home/fabio/AltoNivel/DFS/src/vivado/dfs_system/dfs_system.gen/sources_1/bd/system/ip/system_smartconnect_data_0/bd_0/ip/ip_31/bd_6415_m00bn_0_clocks.xdc:174]
INFO: [Common 17-14] Message 'Vivado 12-180' appears 100 times and further instances of the messages will be disabled. Use the Tcl command set_msg_config to change the current settings. [/home/fabio/AltoNivel/DFS/src/vivado/dfs_system/dfs_system.gen/sources_1/bd/system/ip/system_smartconnect_data_0/bd_0/ip/ip_31/bd_6415_m00bn_0_clocks.xdc:178]
WARNING: [Vivado_Tcl 4-921] Waiver ID 'CDC-1' -to list should not be empty. [/home/fabio/AltoNivel/DFS/src/vivado/dfs_system/dfs_system.gen/sources_1/bd/system/ip/system_smartconnect_data_0/bd_0/ip/ip_31/bd_6415_m00bn_0_clocks.xdc:178]
WARNING: [Vivado_Tcl 4-921] Waiver ID 'CDC-1' -to list should not be empty. [/home/fabio/AltoNivel/DFS/src/vivado/dfs_system/dfs_system.gen/sources_1/bd/system/ip/system_smartconnect_data_0/bd_0/ip/ip_31/bd_6415_m00bn_0_clocks.xdc:181]
WARNING: [Vivado_Tcl 4-921] Waiver ID 'CDC-13' -to list should not be empty. [/home/fabio/AltoNivel/DFS/src/vivado/dfs_system/dfs_system.gen/sources_1/bd/system/ip/system_smartconnect_data_0/bd_0/ip/ip_31/bd_6415_m00bn_0_clocks.xdc:184]
Finished Parsing XDC File [/home/fabio/AltoNivel/DFS/src/vivado/dfs_system/dfs_system.gen/sources_1/bd/system/ip/system_smartconnect_data_0/bd_0/ip/ip_31/bd_6415_m00bn_0_clocks.xdc] for cell 'system_i/smartconnect_data/inst/m00_nodes/m00_b_node/inst'
Parsing XDC File [/home/fabio/AltoNivel/DFS/src/vivado/dfs_system/dfs_system.gen/sources_1/bd/system/ip/system_smartconnect_data_0/bd_0/ip/ip_30/bd_6415_m00wn_0_clocks.xdc] for cell 'system_i/smartconnect_data/inst/m00_nodes/m00_w_node/inst'
WARNING: [Vivado_Tcl 4-921] Waiver ID 'CDC-1' -to list should not be empty. [/home/fabio/AltoNivel/DFS/src/vivado/dfs_system/dfs_system.gen/sources_1/bd/system/ip/system_smartconnect_data_0/bd_0/ip/ip_30/bd_6415_m00wn_0_clocks.xdc:49]
WARNING: [Vivado_Tcl 4-921] Waiver ID 'CDC-1' -to list should not be empty. [/home/fabio/AltoNivel/DFS/src/vivado/dfs_system/dfs_system.gen/sources_1/bd/system/ip/system_smartconnect_data_0/bd_0/ip/ip_30/bd_6415_m00wn_0_clocks.xdc:52]
WARNING: [Vivado_Tcl 4-921] Waiver ID 'CDC-1' -to list should not be empty. [/home/fabio/AltoNivel/DFS/src/vivado/dfs_system/dfs_system.gen/sources_1/bd/system/ip/system_smartconnect_data_0/bd_0/ip/ip_30/bd_6415_m00wn_0_clocks.xdc:55]
WARNING: [Vivado_Tcl 4-921] Waiver ID 'CDC-1' -to list should not be empty. [/home/fabio/AltoNivel/DFS/src/vivado/dfs_system/dfs_system.gen/sources_1/bd/system/ip/system_smartconnect_data_0/bd_0/ip/ip_30/bd_6415_m00wn_0_clocks.xdc:59]
WARNING: [Vivado_Tcl 4-921] Waiver ID 'CDC-1' -to list should not be empty. [/home/fabio/AltoNivel/DFS/src/vivado/dfs_system/dfs_system.gen/sources_1/bd/system/ip/system_smartconnect_data_0/bd_0/ip/ip_30/bd_6415_m00wn_0_clocks.xdc:63]
WARNING: [Vivado_Tcl 4-921] Waiver ID 'CDC-1' -to list should not be empty. [/home/fabio/AltoNivel/DFS/src/vivado/dfs_system/dfs_system.gen/sources_1/bd/system/ip/system_smartconnect_data_0/bd_0/ip/ip_30/bd_6415_m00wn_0_clocks.xdc:66]
INFO: [Common 17-14] Message 'Vivado_Tcl 4-921' appears 100 times and further instances of the messages will be disabled. Use the Tcl command set_msg_config to change the current settings. [/home/fabio/AltoNivel/DFS/src/vivado/dfs_system/dfs_system.gen/sources_1/bd/system/ip/system_smartconnect_data_0/bd_0/ip/ip_30/bd_6415_m00wn_0_clocks.xdc:66]
Finished Parsing XDC File [/home/fabio/AltoNivel/DFS/src/vivado/dfs_system/dfs_system.gen/sources_1/bd/system/ip/system_smartconnect_data_0/bd_0/ip/ip_30/bd_6415_m00wn_0_clocks.xdc] for cell 'system_i/smartconnect_data/inst/m00_nodes/m00_w_node/inst'
Parsing XDC File [/home/fabio/AltoNivel/DFS/src/vivado/dfs_system/dfs_system.gen/sources_1/bd/system/ip/system_smartconnect_data_0/bd_0/ip/ip_29/bd_6415_m00awn_0_clocks.xdc] for cell 'system_i/smartconnect_data/inst/m00_nodes/m00_aw_node/inst'
Finished Parsing XDC File [/home/fabio/AltoNivel/DFS/src/vivado/dfs_system/dfs_system.gen/sources_1/bd/system/ip/system_smartconnect_data_0/bd_0/ip/ip_29/bd_6415_m00awn_0_clocks.xdc] for cell 'system_i/smartconnect_data/inst/m00_nodes/m00_aw_node/inst'
Parsing XDC File [/home/fabio/AltoNivel/DFS/src/vivado/dfs_system/dfs_system.gen/sources_1/bd/system/ip/system_smartconnect_data_0/bd_0/ip/ip_28/bd_6415_m00rn_0_clocks.xdc] for cell 'system_i/smartconnect_data/inst/m00_nodes/m00_r_node/inst'
Finished Parsing XDC File [/home/fabio/AltoNivel/DFS/src/vivado/dfs_system/dfs_system.gen/sources_1/bd/system/ip/system_smartconnect_data_0/bd_0/ip/ip_28/bd_6415_m00rn_0_clocks.xdc] for cell 'system_i/smartconnect_data/inst/m00_nodes/m00_r_node/inst'
Parsing XDC File [/home/fabio/AltoNivel/DFS/src/vivado/dfs_system/dfs_system.gen/sources_1/bd/system/ip/system_smartconnect_data_0/bd_0/ip/ip_27/bd_6415_m00arn_0_clocks.xdc] for cell 'system_i/smartconnect_data/inst/m00_nodes/m00_ar_node/inst'
Finished Parsing XDC File [/home/fabio/AltoNivel/DFS/src/vivado/dfs_system/dfs_system.gen/sources_1/bd/system/ip/system_smartconnect_data_0/bd_0/ip/ip_27/bd_6415_m00arn_0_clocks.xdc] for cell 'system_i/smartconnect_data/inst/m00_nodes/m00_ar_node/inst'
Parsing XDC File [/home/fabio/AltoNivel/DFS/src/vivado/dfs_system/dfs_system.gen/sources_1/bd/system/ip/system_smartconnect_data_0/bd_0/ip/ip_25/bd_6415_sbn_0_clocks.xdc] for cell 'system_i/smartconnect_data/inst/s02_nodes/s02_b_node/inst'
Finished Parsing XDC File [/home/fabio/AltoNivel/DFS/src/vivado/dfs_system/dfs_system.gen/sources_1/bd/system/ip/system_smartconnect_data_0/bd_0/ip/ip_25/bd_6415_sbn_0_clocks.xdc] for cell 'system_i/smartconnect_data/inst/s02_nodes/s02_b_node/inst'
Parsing XDC File [/home/fabio/AltoNivel/DFS/src/vivado/dfs_system/dfs_system.gen/sources_1/bd/system/ip/system_smartconnect_data_0/bd_0/ip/ip_24/bd_6415_swn_0_clocks.xdc] for cell 'system_i/smartconnect_data/inst/s02_nodes/s02_w_node/inst'
Finished Parsing XDC File [/home/fabio/AltoNivel/DFS/src/vivado/dfs_system/dfs_system.gen/sources_1/bd/system/ip/system_smartconnect_data_0/bd_0/ip/ip_24/bd_6415_swn_0_clocks.xdc] for cell 'system_i/smartconnect_data/inst/s02_nodes/s02_w_node/inst'
Parsing XDC File [/home/fabio/AltoNivel/DFS/src/vivado/dfs_system/dfs_system.gen/sources_1/bd/system/ip/system_smartconnect_data_0/bd_0/ip/ip_23/bd_6415_sawn_0_clocks.xdc] for cell 'system_i/smartconnect_data/inst/s02_nodes/s02_aw_node/inst'
Finished Parsing XDC File [/home/fabio/AltoNivel/DFS/src/vivado/dfs_system/dfs_system.gen/sources_1/bd/system/ip/system_smartconnect_data_0/bd_0/ip/ip_23/bd_6415_sawn_0_clocks.xdc] for cell 'system_i/smartconnect_data/inst/s02_nodes/s02_aw_node/inst'
Parsing XDC File [/home/fabio/AltoNivel/DFS/src/vivado/dfs_system/dfs_system.gen/sources_1/bd/system/ip/system_smartconnect_data_0/bd_0/ip/ip_18/bd_6415_srn_1_clocks.xdc] for cell 'system_i/smartconnect_data/inst/s01_nodes/s01_r_node/inst'
Finished Parsing XDC File [/home/fabio/AltoNivel/DFS/src/vivado/dfs_system/dfs_system.gen/sources_1/bd/system/ip/system_smartconnect_data_0/bd_0/ip/ip_18/bd_6415_srn_1_clocks.xdc] for cell 'system_i/smartconnect_data/inst/s01_nodes/s01_r_node/inst'
Parsing XDC File [/home/fabio/AltoNivel/DFS/src/vivado/dfs_system/dfs_system.gen/sources_1/bd/system/ip/system_smartconnect_data_0/bd_0/ip/ip_17/bd_6415_sarn_1_clocks.xdc] for cell 'system_i/smartconnect_data/inst/s01_nodes/s01_ar_node/inst'
Finished Parsing XDC File [/home/fabio/AltoNivel/DFS/src/vivado/dfs_system/dfs_system.gen/sources_1/bd/system/ip/system_smartconnect_data_0/bd_0/ip/ip_17/bd_6415_sarn_1_clocks.xdc] for cell 'system_i/smartconnect_data/inst/s01_nodes/s01_ar_node/inst'
Parsing XDC File [/home/fabio/AltoNivel/DFS/src/vivado/dfs_system/dfs_system.gen/sources_1/bd/system/ip/system_smartconnect_data_0/bd_0/ip/ip_12/bd_6415_srn_0_clocks.xdc] for cell 'system_i/smartconnect_data/inst/s00_nodes/s00_r_node/inst'
Finished Parsing XDC File [/home/fabio/AltoNivel/DFS/src/vivado/dfs_system/dfs_system.gen/sources_1/bd/system/ip/system_smartconnect_data_0/bd_0/ip/ip_12/bd_6415_srn_0_clocks.xdc] for cell 'system_i/smartconnect_data/inst/s00_nodes/s00_r_node/inst'
Parsing XDC File [/home/fabio/AltoNivel/DFS/src/vivado/dfs_system/dfs_system.gen/sources_1/bd/system/ip/system_zynq_ultra_ps_e_0_0/system_zynq_ultra_ps_e_0_0.xdc] for cell 'system_i/zynq_ultra_ps_e_0/inst'
create_clock: Time (s): cpu = 00:00:23 ; elapsed = 00:00:23 . Memory (MB): peak = 2576.320 ; gain = 30.719 ; free physical = 3218 ; free virtual = 12391
Finished Parsing XDC File [/home/fabio/AltoNivel/DFS/src/vivado/dfs_system/dfs_system.gen/sources_1/bd/system/ip/system_zynq_ultra_ps_e_0_0/system_zynq_ultra_ps_e_0_0.xdc] for cell 'system_i/zynq_ultra_ps_e_0/inst'
Parsing XDC File [/home/fabio/AltoNivel/DFS/src/vivado/dfs_system/dfs_system.gen/sources_1/bd/system/ip/system_smartconnect_data_0/bd_0/ip/ip_1/bd_6415_psr_aclk_0.xdc] for cell 'system_i/smartconnect_data/inst/clk_map/psr_aclk/U0'
Finished Parsing XDC File [/home/fabio/AltoNivel/DFS/src/vivado/dfs_system/dfs_system.gen/sources_1/bd/system/ip/system_smartconnect_data_0/bd_0/ip/ip_1/bd_6415_psr_aclk_0.xdc] for cell 'system_i/smartconnect_data/inst/clk_map/psr_aclk/U0'
Parsing XDC File [/home/fabio/AltoNivel/DFS/src/vivado/dfs_system/dfs_system.gen/sources_1/bd/system/ip/system_smartconnect_data_0/bd_0/ip/ip_1/bd_6415_psr_aclk_0_board.xdc] for cell 'system_i/smartconnect_data/inst/clk_map/psr_aclk/U0'
Finished Parsing XDC File [/home/fabio/AltoNivel/DFS/src/vivado/dfs_system/dfs_system.gen/sources_1/bd/system/ip/system_smartconnect_data_0/bd_0/ip/ip_1/bd_6415_psr_aclk_0_board.xdc] for cell 'system_i/smartconnect_data/inst/clk_map/psr_aclk/U0'
Parsing XDC File [/home/fabio/AltoNivel/DFS/src/vivado/dfs_system/dfs_system.gen/sources_1/bd/system/ip/system_smartconnect_ctrl_0/smartconnect.xdc] for cell 'system_i/smartconnect_ctrl/inst'
WARNING: [Vivado_Tcl 4-919] Waiver ID 'CDC-1' -from list should not be empty. [/home/fabio/AltoNivel/DFS/src/vivado/dfs_system/dfs_system.gen/sources_1/bd/system/ip/system_smartconnect_ctrl_0/smartconnect.xdc:1]
WARNING: [Vivado_Tcl 4-919] Waiver ID 'CDC-1' -from list should not be empty. [/home/fabio/AltoNivel/DFS/src/vivado/dfs_system/dfs_system.gen/sources_1/bd/system/ip/system_smartconnect_ctrl_0/smartconnect.xdc:2]
WARNING: [Vivado_Tcl 4-919] Waiver ID 'CDC-1' -from list should not be empty. [/home/fabio/AltoNivel/DFS/src/vivado/dfs_system/dfs_system.gen/sources_1/bd/system/ip/system_smartconnect_ctrl_0/smartconnect.xdc:6]
Finished Parsing XDC File [/home/fabio/AltoNivel/DFS/src/vivado/dfs_system/dfs_system.gen/sources_1/bd/system/ip/system_smartconnect_ctrl_0/smartconnect.xdc] for cell 'system_i/smartconnect_ctrl/inst'
Parsing XDC File [/home/fabio/AltoNivel/DFS/src/vivado/dfs_system/dfs_system.gen/sources_1/bd/system/ip/system_smartconnect_ctrl_0/bd_0/ip/ip_10/bd_5b88_sbn_0_clocks.xdc] for cell 'system_i/smartconnect_ctrl/inst/s00_nodes/s00_b_node/inst'
WARNING: [Vivado_Tcl 4-935] Waiver ID 'CDC-1' is a duplicate and will not be added again. [/home/fabio/AltoNivel/DFS/src/vivado/dfs_system/dfs_system.gen/sources_1/bd/system/ip/system_smartconnect_ctrl_0/bd_0/ip/ip_10/bd_5b88_sbn_0_clocks.xdc:181]
Finished Parsing XDC File [/home/fabio/AltoNivel/DFS/src/vivado/dfs_system/dfs_system.gen/sources_1/bd/system/ip/system_smartconnect_ctrl_0/bd_0/ip/ip_10/bd_5b88_sbn_0_clocks.xdc] for cell 'system_i/smartconnect_ctrl/inst/s00_nodes/s00_b_node/inst'
Parsing XDC File [/home/fabio/AltoNivel/DFS/src/vivado/dfs_system/dfs_system.gen/sources_1/bd/system/ip/system_smartconnect_ctrl_0/bd_0/ip/ip_9/bd_5b88_swn_0_clocks.xdc] for cell 'system_i/smartconnect_ctrl/inst/s00_nodes/s00_w_node/inst'
WARNING: [Vivado_Tcl 4-935] Waiver ID 'CDC-1' is a duplicate and will not be added again. [/home/fabio/AltoNivel/DFS/src/vivado/dfs_system/dfs_system.gen/sources_1/bd/system/ip/system_smartconnect_ctrl_0/bd_0/ip/ip_9/bd_5b88_swn_0_clocks.xdc:181]
Finished Parsing XDC File [/home/fabio/AltoNivel/DFS/src/vivado/dfs_system/dfs_system.gen/sources_1/bd/system/ip/system_smartconnect_ctrl_0/bd_0/ip/ip_9/bd_5b88_swn_0_clocks.xdc] for cell 'system_i/smartconnect_ctrl/inst/s00_nodes/s00_w_node/inst'
Parsing XDC File [/home/fabio/AltoNivel/DFS/src/vivado/dfs_system/dfs_system.gen/sources_1/bd/system/ip/system_smartconnect_ctrl_0/bd_0/ip/ip_8/bd_5b88_sawn_0_clocks.xdc] for cell 'system_i/smartconnect_ctrl/inst/s00_nodes/s00_aw_node/inst'
WARNING: [Vivado_Tcl 4-935] Waiver ID 'CDC-1' is a duplicate and will not be added again. [/home/fabio/AltoNivel/DFS/src/vivado/dfs_system/dfs_system.gen/sources_1/bd/system/ip/system_smartconnect_ctrl_0/bd_0/ip/ip_8/bd_5b88_sawn_0_clocks.xdc:181]
Finished Parsing XDC File [/home/fabio/AltoNivel/DFS/src/vivado/dfs_system/dfs_system.gen/sources_1/bd/system/ip/system_smartconnect_ctrl_0/bd_0/ip/ip_8/bd_5b88_sawn_0_clocks.xdc] for cell 'system_i/smartconnect_ctrl/inst/s00_nodes/s00_aw_node/inst'
Parsing XDC File [/home/fabio/AltoNivel/DFS/src/vivado/dfs_system/dfs_system.gen/sources_1/bd/system/ip/system_smartconnect_ctrl_0/bd_0/ip/ip_7/bd_5b88_srn_0_clocks.xdc] for cell 'system_i/smartconnect_ctrl/inst/s00_nodes/s00_r_node/inst'
WARNING: [Vivado_Tcl 4-935] Waiver ID 'CDC-1' is a duplicate and will not be added again. [/home/fabio/AltoNivel/DFS/src/vivado/dfs_system/dfs_system.gen/sources_1/bd/system/ip/system_smartconnect_ctrl_0/bd_0/ip/ip_7/bd_5b88_srn_0_clocks.xdc:181]
Finished Parsing XDC File [/home/fabio/AltoNivel/DFS/src/vivado/dfs_system/dfs_system.gen/sources_1/bd/system/ip/system_smartconnect_ctrl_0/bd_0/ip/ip_7/bd_5b88_srn_0_clocks.xdc] for cell 'system_i/smartconnect_ctrl/inst/s00_nodes/s00_r_node/inst'
Parsing XDC File [/home/fabio/AltoNivel/DFS/src/vivado/dfs_system/dfs_system.gen/sources_1/bd/system/ip/system_smartconnect_ctrl_0/bd_0/ip/ip_6/bd_5b88_sarn_0_clocks.xdc] for cell 'system_i/smartconnect_ctrl/inst/s00_nodes/s00_ar_node/inst'
WARNING: [Vivado_Tcl 4-935] Waiver ID 'CDC-1' is a duplicate and will not be added again. [/home/fabio/AltoNivel/DFS/src/vivado/dfs_system/dfs_system.gen/sources_1/bd/system/ip/system_smartconnect_ctrl_0/bd_0/ip/ip_6/bd_5b88_sarn_0_clocks.xdc:181]
Finished Parsing XDC File [/home/fabio/AltoNivel/DFS/src/vivado/dfs_system/dfs_system.gen/sources_1/bd/system/ip/system_smartconnect_ctrl_0/bd_0/ip/ip_6/bd_5b88_sarn_0_clocks.xdc] for cell 'system_i/smartconnect_ctrl/inst/s00_nodes/s00_ar_node/inst'
Parsing XDC File [/home/fabio/AltoNivel/DFS/src/vivado/dfs_system/dfs_system.gen/sources_1/bd/system/ip/system_smartconnect_ctrl_0/bd_0/ip/ip_1/bd_5b88_psr_aclk_0.xdc] for cell 'system_i/smartconnect_ctrl/inst/clk_map/psr_aclk/U0'
Finished Parsing XDC File [/home/fabio/AltoNivel/DFS/src/vivado/dfs_system/dfs_system.gen/sources_1/bd/system/ip/system_smartconnect_ctrl_0/bd_0/ip/ip_1/bd_5b88_psr_aclk_0.xdc] for cell 'system_i/smartconnect_ctrl/inst/clk_map/psr_aclk/U0'
Parsing XDC File [/home/fabio/AltoNivel/DFS/src/vivado/dfs_system/dfs_system.gen/sources_1/bd/system/ip/system_smartconnect_ctrl_0/bd_0/ip/ip_1/bd_5b88_psr_aclk_0_board.xdc] for cell 'system_i/smartconnect_ctrl/inst/clk_map/psr_aclk/U0'
Finished Parsing XDC File [/home/fabio/AltoNivel/DFS/src/vivado/dfs_system/dfs_system.gen/sources_1/bd/system/ip/system_smartconnect_ctrl_0/bd_0/ip/ip_1/bd_5b88_psr_aclk_0_board.xdc] for cell 'system_i/smartconnect_ctrl/inst/clk_map/psr_aclk/U0'
Parsing XDC File [/home/fabio/AltoNivel/DFS/src/vivado/dfs_system/dfs_system.gen/sources_1/bd/system/ip/system_proc_sys_reset_0_0/system_proc_sys_reset_0_0.xdc] for cell 'system_i/proc_sys_reset_0/U0'
Finished Parsing XDC File [/home/fabio/AltoNivel/DFS/src/vivado/dfs_system/dfs_system.gen/sources_1/bd/system/ip/system_proc_sys_reset_0_0/system_proc_sys_reset_0_0.xdc] for cell 'system_i/proc_sys_reset_0/U0'
Parsing XDC File [/home/fabio/AltoNivel/DFS/src/vivado/dfs_system/dfs_system.gen/sources_1/bd/system/ip/system_proc_sys_reset_0_0/system_proc_sys_reset_0_0_board.xdc] for cell 'system_i/proc_sys_reset_0/U0'
Finished Parsing XDC File [/home/fabio/AltoNivel/DFS/src/vivado/dfs_system/dfs_system.gen/sources_1/bd/system/ip/system_proc_sys_reset_0_0/system_proc_sys_reset_0_0_board.xdc] for cell 'system_i/proc_sys_reset_0/U0'
INFO: [Project 1-1714] 64 XPM XDC files have been applied to the design.
INFO: [Opt 31-138] Pushed 0 inverter(s) to 0 load pin(s).
INFO: [Project 1-1687] 754 scoped IP constraints or related sub-commands were skipped due to synthesis logic optimizations usually triggered by constant connectivity or unconnected output pins. To review the skipped constraints and messages, run the command 'set_param netlist.IPMsgFiltering false' before opening the design.
Netlist sorting complete. Time (s): cpu = 00:00:00.01 ; elapsed = 00:00:00.02 . Memory (MB): peak = 3488.762 ; gain = 0.000 ; free physical = 2405 ; free virtual = 11578
INFO: [Project 1-111] Unisim Transformation Summary:
  A total of 694 instances were transformed.
  DSP48E2 => DSP48E2 (DSP_ALU, DSP_A_B_DATA, DSP_C_DATA, DSP_MULTIPLIER, DSP_M_DATA, DSP_OUTPUT, DSP_PREADD, DSP_PREADD_DATA): 50 instances
  RAM16X1D => RAM32X1D (RAMD32(x2)): 1 instance 
  RAM16X1S => RAM32X1S (RAMS32): 339 instances
  RAM256X1S => RAM256X1S (MUXF7(x2), MUXF8, RAMS64E(x4)): 205 instances
  RAM32M => RAM32M (RAMD32(x6), RAMS32(x2)): 1 instance 
  RAM32M16 => RAM32M16 (RAMD32(x14), RAMS32(x2)): 92 instances
  RAM32X1D => RAM32X1D (RAMD32(x2)): 6 instances

19 Infos, 109 Warnings, 0 Critical Warnings and 0 Errors encountered.
link_design completed successfully
link_design: Time (s): cpu = 00:01:49 ; elapsed = 00:01:46 . Memory (MB): peak = 3488.762 ; gain = 2055.594 ; free physical = 2405 ; free virtual = 11578
Command: opt_design
Attempting to get a license for feature 'Implementation' and/or device 'xck26'
INFO: [Common 17-349] Got license for feature 'Implementation' and/or device 'xck26'
Running DRC as a precondition to command opt_design

Starting DRC Task
INFO: [DRC 23-27] Running DRC with 4 threads
INFO: [Project 1-461] DRC finished with 0 Errors
INFO: [Project 1-462] Please refer to the DRC report (report_drc) for more information.

Time (s): cpu = 00:00:09 ; elapsed = 00:00:04 . Memory (MB): peak = 3488.762 ; gain = 0.000 ; free physical = 2427 ; free virtual = 11600

Starting Cache Timing Information Task
INFO: [Timing 38-35] Done setting XDC timing constraints.
Ending Cache Timing Information Task | Checksum: 2496dcba8

Time (s): cpu = 00:00:12 ; elapsed = 00:00:07 . Memory (MB): peak = 3488.762 ; gain = 0.000 ; free physical = 2515 ; free virtual = 11688

Starting Logic Optimization Task

Phase 1 Initialization

Phase 1.1 Core Generation And Design Setup
Phase 1.1 Core Generation And Design Setup | Checksum: 2496dcba8

Time (s): cpu = 00:00:00.02 ; elapsed = 00:00:00.02 . Memory (MB): peak = 3768.570 ; gain = 0.000 ; free physical = 2198 ; free virtual = 11372

Phase 1.2 Setup Constraints And Sort Netlist
Phase 1.2 Setup Constraints And Sort Netlist | Checksum: 2496dcba8

Time (s): cpu = 00:00:00.07 ; elapsed = 00:00:00.07 . Memory (MB): peak = 3768.570 ; gain = 0.000 ; free physical = 2204 ; free virtual = 11378
Phase 1 Initialization | Checksum: 2496dcba8

Time (s): cpu = 00:00:00.07 ; elapsed = 00:00:00.07 . Memory (MB): peak = 3768.570 ; gain = 0.000 ; free physical = 2204 ; free virtual = 11378

Phase 2 Timer Update And Timing Data Collection

Phase 2.1 Timer Update
Phase 2.1 Timer Update | Checksum: 2496dcba8

Time (s): cpu = 00:00:05 ; elapsed = 00:00:02 . Memory (MB): peak = 3768.570 ; gain = 0.000 ; free physical = 2204 ; free virtual = 11377

Phase 2.2 Timing Data Collection
Phase 2.2 Timing Data Collection | Checksum: 2496dcba8

Time (s): cpu = 00:00:05 ; elapsed = 00:00:02 . Memory (MB): peak = 3768.570 ; gain = 0.000 ; free physical = 2192 ; free virtual = 11366
Phase 2 Timer Update And Timing Data Collection | Checksum: 2496dcba8

Time (s): cpu = 00:00:05 ; elapsed = 00:00:02 . Memory (MB): peak = 3768.570 ; gain = 0.000 ; free physical = 2192 ; free virtual = 11366

Phase 3 Retarget
INFO: [Opt 31-1834] Total Chains To Be Transformed Were: 0 AND Number of Transformed insts Created are: 0
INFO: [Opt 31-1566] Pulled 4 inverters resulting in an inversion of 24 pins
INFO: [Opt 31-138] Pushed 81 inverter(s) to 2367 load pin(s).
INFO: [Opt 31-49] Retargeted 0 cell(s).
Phase 3 Retarget | Checksum: 237eab32c

Time (s): cpu = 00:00:08 ; elapsed = 00:00:05 . Memory (MB): peak = 3768.570 ; gain = 0.000 ; free physical = 2203 ; free virtual = 11376
Retarget | Checksum: 237eab32c
INFO: [Opt 31-389] Phase Retarget created 80 cells and removed 442 cells
INFO: [Opt 31-1021] In phase Retarget, 68 netlist objects are constrained preventing optimization. Please run opt_design with -debug_log to get more detail. 

Phase 4 Constant propagation
INFO: [Opt 31-138] Pushed 0 inverter(s) to 0 load pin(s).
Phase 4 Constant propagation | Checksum: 20d0b6064

Time (s): cpu = 00:00:09 ; elapsed = 00:00:06 . Memory (MB): peak = 3768.570 ; gain = 0.000 ; free physical = 2206 ; free virtual = 11379
Constant propagation | Checksum: 20d0b6064
INFO: [Opt 31-389] Phase Constant propagation created 60 cells and removed 672 cells
INFO: [Opt 31-1021] In phase Constant propagation, 68 netlist objects are constrained preventing optimization. Please run opt_design with -debug_log to get more detail. 

Phase 5 Sweep
Phase 5 Sweep | Checksum: 2a45065e5

Time (s): cpu = 00:00:13 ; elapsed = 00:00:11 . Memory (MB): peak = 3768.570 ; gain = 0.000 ; free physical = 2208 ; free virtual = 11381
Sweep | Checksum: 2a45065e5
INFO: [Opt 31-389] Phase Sweep created 0 cells and removed 234 cells
INFO: [Opt 31-1021] In phase Sweep, 86 netlist objects are constrained preventing optimization. Please run opt_design with -debug_log to get more detail. 

Phase 6 BUFG optimization
INFO: [Opt 31-1077] Phase BUFG optimization inserted 0 global clock buffer(s) for CLOCK_LOW_FANOUT.
Phase 6 BUFG optimization | Checksum: 2a45065e5

Time (s): cpu = 00:00:15 ; elapsed = 00:00:12 . Memory (MB): peak = 3768.570 ; gain = 0.000 ; free physical = 2208 ; free virtual = 11381
BUFG optimization | Checksum: 2a45065e5
INFO: [Opt 31-662] Phase BUFG optimization created 0 cells of which 0 are BUFGs and removed 0 cells.

Phase 7 Shift Register Optimization
INFO: [Opt 31-1064] SRL Remap converted 0 SRLs to 0 registers and converted 0 registers of register chains to 0 SRLs
Phase 7 Shift Register Optimization | Checksum: 2a45065e5

Time (s): cpu = 00:00:16 ; elapsed = 00:00:12 . Memory (MB): peak = 3768.570 ; gain = 0.000 ; free physical = 2208 ; free virtual = 11381
Shift Register Optimization | Checksum: 2a45065e5
INFO: [Opt 31-389] Phase Shift Register Optimization created 0 cells and removed 0 cells

Phase 8 Post Processing Netlist
Phase 8 Post Processing Netlist | Checksum: 1c9a96a91

Time (s): cpu = 00:00:16 ; elapsed = 00:00:12 . Memory (MB): peak = 3768.570 ; gain = 0.000 ; free physical = 2207 ; free virtual = 11381
Post Processing Netlist | Checksum: 1c9a96a91
INFO: [Opt 31-389] Phase Post Processing Netlist created 0 cells and removed 0 cells
INFO: [Opt 31-1021] In phase Post Processing Netlist, 68 netlist objects are constrained preventing optimization. Please run opt_design with -debug_log to get more detail. 

Phase 9 Finalization

Phase 9.1 Finalizing Design Cores and Updating Shapes
Phase 9.1 Finalizing Design Cores and Updating Shapes | Checksum: 1ef05c065

Time (s): cpu = 00:00:18 ; elapsed = 00:00:15 . Memory (MB): peak = 3768.570 ; gain = 0.000 ; free physical = 2207 ; free virtual = 11381

Phase 9.2 Verifying Netlist Connectivity

Starting Connectivity Check Task

Time (s): cpu = 00:00:00.12 ; elapsed = 00:00:00.12 . Memory (MB): peak = 3768.570 ; gain = 0.000 ; free physical = 2207 ; free virtual = 11381
Phase 9.2 Verifying Netlist Connectivity | Checksum: 1ef05c065

Time (s): cpu = 00:00:19 ; elapsed = 00:00:15 . Memory (MB): peak = 3768.570 ; gain = 0.000 ; free physical = 2207 ; free virtual = 11381
Phase 9 Finalization | Checksum: 1ef05c065

Time (s): cpu = 00:00:19 ; elapsed = 00:00:15 . Memory (MB): peak = 3768.570 ; gain = 0.000 ; free physical = 2207 ; free virtual = 11381
Opt_design Change Summary
=========================


-------------------------------------------------------------------------------------------------------------------------
|  Phase                        |  #Cells created  |  #Cells Removed  |  #Constrained objects preventing optimizations  |
-------------------------------------------------------------------------------------------------------------------------
|  Retarget                     |              80  |             442  |                                             68  |
|  Constant propagation         |              60  |             672  |                                             68  |
|  Sweep                        |               0  |             234  |                                             86  |
|  BUFG optimization            |               0  |               0  |                                              0  |
|  Shift Register Optimization  |               0  |               0  |                                              0  |
|  Post Processing Netlist      |               0  |               0  |                                             68  |
-------------------------------------------------------------------------------------------------------------------------


Ending Logic Optimization Task | Checksum: 1ef05c065

Time (s): cpu = 00:00:19 ; elapsed = 00:00:15 . Memory (MB): peak = 3768.570 ; gain = 0.000 ; free physical = 2207 ; free virtual = 11381

Starting Power Optimization Task
INFO: [Pwropt 34-132] Skipping clock gating for clocks with a period < 2.00 ns.
INFO: [Pwropt 34-9] Applying IDT optimizations ...
INFO: [Pwropt 34-10] Applying ODC optimizations ...
INFO: [Timing 38-35] Done setting XDC timing constraints.
Running Vector-less Activity Propagation...

Finished Running Vector-less Activity Propagation


Starting PowerOpt Patch Enables Task
INFO: [Pwropt 34-162] WRITE_MODE attribute of 0 BRAM(s) out of a total of 24 has been updated to save power. Run report_power_opt to get a complete listing of the BRAMs updated.
INFO: [Pwropt 34-201] Structural ODC has moved 0 WE to EN ports
Number of BRAM Ports augmented: 2 newly gated: 2 Total Ports: 48
Ending PowerOpt Patch Enables Task | Checksum: 16851e3ab

Time (s): cpu = 00:00:00.57 ; elapsed = 00:00:00.53 . Memory (MB): peak = 4123.953 ; gain = 0.000 ; free physical = 1979 ; free virtual = 11136
Ending Power Optimization Task | Checksum: 16851e3ab

Time (s): cpu = 00:00:31 ; elapsed = 00:00:17 . Memory (MB): peak = 4123.953 ; gain = 355.383 ; free physical = 1979 ; free virtual = 11136

Starting Final Cleanup Task
Ending Final Cleanup Task | Checksum: 16851e3ab

Time (s): cpu = 00:00:00.01 ; elapsed = 00:00:00.01 . Memory (MB): peak = 4123.953 ; gain = 0.000 ; free physical = 1979 ; free virtual = 11136

Starting Netlist Obfuscation Task
Netlist sorting complete. Time (s): cpu = 00:00:00.11 ; elapsed = 00:00:00.11 . Memory (MB): peak = 4123.953 ; gain = 0.000 ; free physical = 1979 ; free virtual = 11136
Ending Netlist Obfuscation Task | Checksum: 156785b98

Time (s): cpu = 00:00:00.12 ; elapsed = 00:00:00.12 . Memory (MB): peak = 4123.953 ; gain = 0.000 ; free physical = 1979 ; free virtual = 11136
INFO: [Common 17-83] Releasing license: Implementation
48 Infos, 109 Warnings, 0 Critical Warnings and 0 Errors encountered.
opt_design completed successfully
opt_design: Time (s): cpu = 00:01:16 ; elapsed = 00:00:49 . Memory (MB): peak = 4123.953 ; gain = 635.191 ; free physical = 1979 ; free virtual = 11136
INFO: [Vivado 12-24828] Executing command : report_drc -file system_wrapper_drc_opted.rpt -pb system_wrapper_drc_opted.pb -rpx system_wrapper_drc_opted.rpx
Command: report_drc -file system_wrapper_drc_opted.rpt -pb system_wrapper_drc_opted.pb -rpx system_wrapper_drc_opted.rpx
INFO: [IP_Flow 19-1839] IP Catalog is up to date.
INFO: [Timing 38-35] Done setting XDC timing constraints.
WARNING: [Device 21-9073] RSS factor Speedmodel not found for intent code NODE_GLOBAL_VDISTR
WARNING: [Device 21-9073] RSS factor Speedmodel not found for intent code NODE_GLOBAL_VROUTE
WARNING: [Device 21-9073] RSS factor Speedmodel not found for intent code NODE_GLOBAL_HDISTR
WARNING: [Device 21-9073] RSS factor Speedmodel not found for intent code NODE_GLOBAL_HROUTE
WARNING: [Device 21-9073] RSS factor Speedmodel not found for intent code NODE_GLOBAL_BUFG
WARNING: [Device 21-9073] RSS factor Speedmodel not found for intent code NODE_GLOBAL_LEAF
INFO: [DRC 23-27] Running DRC with 4 threads
INFO: [Vivado_Tcl 2-168] The results of DRC are in file /home/fabio/AltoNivel/DFS/src/vivado/dfs_system/dfs_system.runs/impl_1/system_wrapper_drc_opted.rpt.
report_drc completed successfully
report_drc: Time (s): cpu = 00:01:06 ; elapsed = 00:00:48 . Memory (MB): peak = 4596.031 ; gain = 472.078 ; free physical = 1343 ; free virtual = 10528
generate_parallel_reports: Time (s): cpu = 00:01:06 ; elapsed = 00:00:48 . Memory (MB): peak = 4596.031 ; gain = 472.078 ; free physical = 1343 ; free virtual = 10528
INFO: [Timing 38-480] Writing timing data to binary archive.
Write ShapeDB Complete: Time (s): cpu = 00:00:00.33 ; elapsed = 00:00:00.14 . Memory (MB): peak = 4596.031 ; gain = 0.000 ; free physical = 1347 ; free virtual = 10527
INFO: [Common 17-1381] The checkpoint '/home/fabio/AltoNivel/DFS/src/vivado/dfs_system/dfs_system.runs/impl_1/system_wrapper_opt.dcp' has been generated.
write_checkpoint: Time (s): cpu = 00:00:09 ; elapsed = 00:00:07 . Memory (MB): peak = 4596.031 ; gain = 0.000 ; free physical = 1253 ; free virtual = 10430
Command: place_design
Attempting to get a license for feature 'Implementation' and/or device 'xck26'
INFO: [Common 17-349] Got license for feature 'Implementation' and/or device 'xck26'
INFO: [Common 17-83] Releasing license: Implementation
INFO: [DRC 23-27] Running DRC with 4 threads
INFO: [Vivado_Tcl 4-198] DRC finished with 0 Errors
INFO: [Vivado_Tcl 4-199] Please refer to the DRC report (report_drc) for more information.
Running DRC as a precondition to command place_design
INFO: [DRC 23-27] Running DRC with 4 threads
INFO: [Vivado_Tcl 4-198] DRC finished with 0 Errors
INFO: [Vivado_Tcl 4-199] Please refer to the DRC report (report_drc) for more information.
INFO: [Place 30-611] Multithreading enabled for place_design using a maximum of 4 CPUs

Starting Placer Task

Phase 1 Placer Initialization

Phase 1.1 Placer Initialization Netlist Sorting
Netlist sorting complete. Time (s): cpu = 00:00:00.01 ; elapsed = 00:00:00.02 . Memory (MB): peak = 4596.031 ; gain = 0.000 ; free physical = 1312 ; free virtual = 10484
Phase 1.1 Placer Initialization Netlist Sorting | Checksum: 12c8a8bfc

Time (s): cpu = 00:00:00.05 ; elapsed = 00:00:00.05 . Memory (MB): peak = 4596.031 ; gain = 0.000 ; free physical = 1312 ; free virtual = 10484
Netlist sorting complete. Time (s): cpu = 00:00:00.01 ; elapsed = 00:00:00.01 . Memory (MB): peak = 4596.031 ; gain = 0.000 ; free physical = 1313 ; free virtual = 10485

Phase 1.2 IO Placement/ Clock Placement/ Build Placer Device
Phase 1.2 IO Placement/ Clock Placement/ Build Placer Device | Checksum: 1babf93ff

Time (s): cpu = 00:00:11 ; elapsed = 00:00:09 . Memory (MB): peak = 4596.031 ; gain = 0.000 ; free physical = 1331 ; free virtual = 10503

Phase 1.3 Build Placer Netlist Model
Phase 1.3 Build Placer Netlist Model | Checksum: 29458cb56

Time (s): cpu = 00:00:40 ; elapsed = 00:00:29 . Memory (MB): peak = 4620.043 ; gain = 24.012 ; free physical = 1343 ; free virtual = 10512

Phase 1.4 Constrain Clocks/Macros
Phase 1.4 Constrain Clocks/Macros | Checksum: 29458cb56

Time (s): cpu = 00:00:41 ; elapsed = 00:00:30 . Memory (MB): peak = 4620.043 ; gain = 24.012 ; free physical = 1343 ; free virtual = 10512
Phase 1 Placer Initialization | Checksum: 29458cb56

Time (s): cpu = 00:00:41 ; elapsed = 00:00:30 . Memory (MB): peak = 4620.043 ; gain = 24.012 ; free physical = 1343 ; free virtual = 10512

Phase 2 Global Placement

Phase 2.1 Floorplanning

Phase 2.1.1 Partition Driven Placement

Phase 2.1.1.1 PBP: Partition Driven Placement
Phase 2.1.1.1 PBP: Partition Driven Placement | Checksum: 200821fee

Time (s): cpu = 00:01:09 ; elapsed = 00:00:44 . Memory (MB): peak = 4620.043 ; gain = 24.012 ; free physical = 1341 ; free virtual = 10511

Phase 2.1.1.2 PBP: Clock Region Placement
INFO: [Place 30-3162] Check ILP status : ILP-based clock placer completed successfully.
Phase 2.1.1.2 PBP: Clock Region Placement | Checksum: 200821fee

Time (s): cpu = 00:01:10 ; elapsed = 00:00:45 . Memory (MB): peak = 4620.043 ; gain = 24.012 ; free physical = 1328 ; free virtual = 10489

Phase 2.1.1.3 PBP: Compute Congestion
Phase 2.1.1.3 PBP: Compute Congestion | Checksum: 200821fee

Time (s): cpu = 00:01:31 ; elapsed = 00:00:52 . Memory (MB): peak = 4899.031 ; gain = 303.000 ; free physical = 1029 ; free virtual = 10184

Phase 2.1.1.4 PBP: UpdateTiming
Phase 2.1.1.4 PBP: UpdateTiming | Checksum: 2086a7996

Time (s): cpu = 00:01:34 ; elapsed = 00:00:54 . Memory (MB): peak = 4931.047 ; gain = 335.016 ; free physical = 1029 ; free virtual = 10177

Phase 2.1.1.5 PBP: Add part constraints
Phase 2.1.1.5 PBP: Add part constraints | Checksum: 2086a7996

Time (s): cpu = 00:01:34 ; elapsed = 00:00:54 . Memory (MB): peak = 4931.047 ; gain = 335.016 ; free physical = 1029 ; free virtual = 10177
Phase 2.1.1 Partition Driven Placement | Checksum: 2086a7996

Time (s): cpu = 00:01:34 ; elapsed = 00:00:54 . Memory (MB): peak = 4931.047 ; gain = 335.016 ; free physical = 1029 ; free virtual = 10177
Phase 2.1 Floorplanning | Checksum: 2086a7996

Time (s): cpu = 00:01:34 ; elapsed = 00:00:54 . Memory (MB): peak = 4931.047 ; gain = 335.016 ; free physical = 1029 ; free virtual = 10177

Phase 2.2 Update Timing before SLR Path Opt
Phase 2.2 Update Timing before SLR Path Opt | Checksum: 2086a7996

Time (s): cpu = 00:01:34 ; elapsed = 00:00:54 . Memory (MB): peak = 4931.047 ; gain = 335.016 ; free physical = 1029 ; free virtual = 10173

Phase 2.3 Post-Processing in Floorplanning
Phase 2.3 Post-Processing in Floorplanning | Checksum: 2340b6e95

Time (s): cpu = 00:01:34 ; elapsed = 00:00:54 . Memory (MB): peak = 4931.047 ; gain = 335.016 ; free physical = 1029 ; free virtual = 10173

Phase 2.4 Global Placement Core

Phase 2.4.1 UpdateTiming Before Physical Synthesis
Phase 2.4.1 UpdateTiming Before Physical Synthesis | Checksum: 283e21b67

Time (s): cpu = 00:03:42 ; elapsed = 00:01:53 . Memory (MB): peak = 4993.055 ; gain = 397.023 ; free physical = 974 ; free virtual = 10118

Phase 2.4.2 Physical Synthesis In Placer
INFO: [Physopt 32-1035] Found 12 LUTNM shape to break, 691 LUT instances to create LUTNM shape
INFO: [Physopt 32-1044] Break lutnm for timing: one critical 5, two critical 7, total 12, new lutff created 0
INFO: [Physopt 32-1138] End 1 Pass. Optimized 263 nets or LUTs. Breaked 12 LUTs, combined 251 existing LUTs and moved 0 existing LUT
INFO: [Physopt 32-1030] Pass 1. Identified 8 candidate driver sets for equivalent driver rewiring.
INFO: [Physopt 32-661] Optimized 7 nets.  Re-placed 41 instances.
INFO: [Physopt 32-775] End 1 Pass. Optimized 7 nets or cells. Created 0 new cell, deleted 0 existing cell and moved 41 existing cells
Netlist sorting complete. Time (s): cpu = 00:00:00.16 ; elapsed = 00:00:00.17 . Memory (MB): peak = 4993.055 ; gain = 0.000 ; free physical = 973 ; free virtual = 10118
INFO: [Physopt 32-1132] Very high fanout net 'system_i/dfs_accel_0/inst/grp_p_anonymous_namespace_run_word_search_trie_fu_696/grp_p_anonymous_namespace_run_word_search_trie_Pipeline_VITIS_LOOP_338_4_fu_680/grp_p_anonymous_namespace_enter_trie_fu_228/node_read_reg_1012_pp0_iter1_reg_reg[3]_0[0]' is not considered as a candidate in VHFN optimzation. The fanout considered for this optimization is changed from 1006 to 407 due to a timing constraint that prevent optimization on all of the loads. To force replication, set the FORCE_MAX_FANOUT property on the net to a number less than 407.
INFO: [Physopt 32-1132] Very high fanout net 'system_i/dfs_accel_0/inst/grp_p_anonymous_namespace_run_word_search_trie_fu_696/grp_p_anonymous_namespace_run_word_search_trie_Pipeline_VITIS_LOOP_338_4_fu_680/grp_p_anonymous_namespace_enter_trie_fu_228/node_read_reg_1012_pp0_iter1_reg_reg[3]_0[3]' is not considered as a candidate in VHFN optimzation. The fanout considered for this optimization is changed from 1006 to 407 due to a timing constraint that prevent optimization on all of the loads. To force replication, set the FORCE_MAX_FANOUT property on the net to a number less than 407.
INFO: [Physopt 32-1132] Very high fanout net 'system_i/dfs_accel_0/inst/grp_p_anonymous_namespace_run_word_search_trie_fu_696/grp_p_anonymous_namespace_run_word_search_trie_Pipeline_VITIS_LOOP_338_4_fu_680/grp_p_anonymous_namespace_enter_trie_fu_228/node_read_reg_1012_pp0_iter1_reg_reg[3]_0[2]' is not considered as a candidate in VHFN optimzation. The fanout considered for this optimization is changed from 1006 to 407 due to a timing constraint that prevent optimization on all of the loads. To force replication, set the FORCE_MAX_FANOUT property on the net to a number less than 407.
INFO: [Physopt 32-1132] Very high fanout net 'system_i/dfs_accel_0/inst/grp_p_anonymous_namespace_run_word_search_trie_fu_696/grp_p_anonymous_namespace_run_word_search_trie_Pipeline_VITIS_LOOP_338_4_fu_680/grp_p_anonymous_namespace_enter_trie_fu_228/node_read_reg_1012_pp0_iter1_reg_reg[3]_0[1]' is not considered as a candidate in VHFN optimzation. The fanout considered for this optimization is changed from 1006 to 407 due to a timing constraint that prevent optimization on all of the loads. To force replication, set the FORCE_MAX_FANOUT property on the net to a number less than 407.
INFO: [Physopt 32-1408] Pass 1. Identified 1 candidate net for high-fanout optimization.
INFO: [Physopt 32-81] Processed net system_i/proc_sys_reset_0/U0/peripheral_aresetn[0]. Replicated 14 times.
INFO: [Physopt 32-232] Optimized 1 net. Created 14 new instances.
INFO: [Physopt 32-775] End 1 Pass. Optimized 1 net or cell. Created 14 new cells, deleted 0 existing cell and moved 0 existing cell
Netlist sorting complete. Time (s): cpu = 00:00:00.48 ; elapsed = 00:00:00.48 . Memory (MB): peak = 4993.055 ; gain = 0.000 ; free physical = 973 ; free virtual = 10117
INFO: [Physopt 32-76] Pass 1. Identified 11 candidate nets for fanout optimization.
INFO: [Physopt 32-81] Processed net system_i/dfs_accel_0/inst/control_s_axi_U/cols[8]. Replicated 4 times.
INFO: [Physopt 32-81] Processed net system_i/dfs_accel_0/inst/control_s_axi_U/cols[1]. Replicated 5 times.
INFO: [Physopt 32-81] Processed net system_i/dfs_accel_0/inst/control_s_axi_U/cols[2]. Replicated 4 times.
INFO: [Physopt 32-81] Processed net system_i/dfs_accel_0/inst/control_s_axi_U/cols[6]. Replicated 4 times.
INFO: [Physopt 32-81] Processed net system_i/dfs_accel_0/inst/control_s_axi_U/cols[5]. Replicated 4 times.
INFO: [Physopt 32-81] Processed net system_i/dfs_accel_0/inst/control_s_axi_U/cols[4]. Replicated 4 times.
INFO: [Physopt 32-81] Processed net system_i/dfs_accel_0/inst/control_s_axi_U/cols[3]. Replicated 4 times.
INFO: [Physopt 32-81] Processed net system_i/dfs_accel_0/inst/control_s_axi_U/cols[9]. Replicated 5 times.
INFO: [Physopt 32-81] Processed net system_i/dfs_accel_0/inst/control_s_axi_U/cols[10]. Replicated 4 times.
INFO: [Physopt 32-81] Processed net system_i/dfs_accel_0/inst/control_s_axi_U/cols[7]. Replicated 5 times.
INFO: [Physopt 32-81] Processed net system_i/dfs_accel_0/inst/control_s_axi_U/A[1]. Replicated 4 times.
INFO: [Physopt 32-232] Optimized 11 nets. Created 47 new instances.
INFO: [Physopt 32-775] End 1 Pass. Optimized 11 nets or cells. Created 47 new cells, deleted 0 existing cell and moved 0 existing cell
Netlist sorting complete. Time (s): cpu = 00:00:00.31 ; elapsed = 00:00:00.31 . Memory (MB): peak = 4993.055 ; gain = 0.000 ; free physical = 974 ; free virtual = 10118
INFO: [Physopt 32-46] Identified 19 candidate nets for critical-cell optimization.
INFO: [Physopt 32-571] Net system_i/dfs_accel_0/inst/control_s_axi_U/cols[14] was not replicated.
INFO: [Physopt 32-571] Net system_i/dfs_accel_0/inst/control_s_axi_U/rows[2] was not replicated.
INFO: [Physopt 32-571] Net system_i/dfs_accel_0/inst/control_s_axi_U/cols[18] was not replicated.
INFO: [Physopt 32-571] Net system_i/dfs_accel_0/inst/control_s_axi_U/cols[19] was not replicated.
INFO: [Physopt 32-571] Net system_i/dfs_accel_0/inst/control_s_axi_U/cols[17] was not replicated.
INFO: [Physopt 32-571] Net system_i/dfs_accel_0/inst/control_s_axi_U/cols[12] was not replicated.
INFO: [Physopt 32-571] Net system_i/dfs_accel_0/inst/control_s_axi_U/rows[4] was not replicated.
INFO: [Physopt 32-571] Net system_i/dfs_accel_0/inst/control_s_axi_U/cols[15] was not replicated.
INFO: [Physopt 32-571] Net system_i/dfs_accel_0/inst/control_s_axi_U/cols[16] was not replicated.
INFO: [Physopt 32-571] Net system_i/dfs_accel_0/inst/control_s_axi_U/rows[1] was not replicated.
INFO: [Physopt 32-571] Net system_i/dfs_accel_0/inst/control_s_axi_U/cols[13] was not replicated.
INFO: [Physopt 32-571] Net system_i/dfs_accel_0/inst/control_s_axi_U/cols[22] was not replicated.
INFO: [Physopt 32-571] Net system_i/dfs_accel_0/inst/control_s_axi_U/rows[9] was not replicated.
INFO: [Physopt 32-571] Net system_i/dfs_accel_0/inst/control_s_axi_U/cols[20] was not replicated.
INFO: [Physopt 32-571] Net system_i/dfs_accel_0/inst/control_s_axi_U/rows[5] was not replicated.
INFO: [Physopt 32-571] Net system_i/dfs_accel_0/inst/control_s_axi_U/rows[8] was not replicated.
INFO: [Physopt 32-571] Net system_i/dfs_accel_0/inst/control_s_axi_U/rows[6] was not replicated.
INFO: [Physopt 32-571] Net system_i/dfs_accel_0/inst/control_s_axi_U/rows[13] was not replicated.
INFO: [Physopt 32-571] Net system_i/dfs_accel_0/inst/control_s_axi_U/rows[3] was not replicated.
INFO: [Physopt 32-232] Optimized 0 net. Created 0 new instance.
INFO: [Physopt 32-775] End 1 Pass. Optimized 0 net or cell. Created 0 new cell, deleted 0 existing cell and moved 0 existing cell
INFO: [Physopt 32-457] Pass 1. Identified 8 candidate cells for DSP register optimization.
INFO: [Physopt 32-665] Processed cell system_i/dfs_accel_0/inst/grp_p_anonymous_namespace_run_word_search_no_pruning_fu_627/mul_i_i_reg_511_reg. 15 registers were pushed out.
INFO: [Physopt 32-665] Processed cell system_i/dfs_accel_0/inst/grp_p_anonymous_namespace_run_word_search_no_pruning_fu_627/mul_32s_32s_32_1_1_U214/tmp_product. 15 registers were pushed out.
INFO: [Physopt 32-665] Processed cell system_i/dfs_accel_0/inst/grp_p_anonymous_namespace_flood_fu_534/mul_32s_32s_32_1_1_U76/tmp_product. 15 registers were pushed out.
INFO: [Physopt 32-665] Processed cell system_i/dfs_accel_0/inst/grp_p_anonymous_namespace_flood_fu_534/mul_i_i_reg_261_reg. 15 registers were pushed out.
INFO: [Physopt 32-665] Processed cell system_i/dfs_accel_0/inst/grp_p_anonymous_namespace_run_word_search_trie_fu_696/mul_i_i_reg_939_reg. 15 registers were pushed out.
INFO: [Physopt 32-665] Processed cell system_i/dfs_accel_0/inst/grp_p_anonymous_namespace_run_unique_paths_iii_fu_823/mul_i_i_reg_379_reg. 15 registers were pushed out.
INFO: [Physopt 32-665] Processed cell system_i/dfs_accel_0/inst/grp_p_anonymous_namespace_run_word_search_trie_fu_696/mul_32s_32s_32_1_1_U415/tmp_product. 15 registers were pushed out.
INFO: [Physopt 32-665] Processed cell system_i/dfs_accel_0/inst/grp_p_anonymous_namespace_run_unique_paths_iii_fu_823/mul_32s_32s_32_1_1_U483/tmp_product. 15 registers were pushed out.
INFO: [Physopt 32-775] End 2 Pass. Optimized 8 nets or cells. Created 120 new cells, deleted 0 existing cell and moved 0 existing cell
Netlist sorting complete. Time (s): cpu = 00:00:00.1 ; elapsed = 00:00:00.09 . Memory (MB): peak = 4993.055 ; gain = 0.000 ; free physical = 973 ; free virtual = 10117
INFO: [Physopt 32-1123] No candidate cells found for Shift Register to Pipeline optimization
INFO: [Physopt 32-775] End 2 Pass. Optimized 0 net or cell. Created 0 new cell, deleted 0 existing cell and moved 0 existing cell
INFO: [Physopt 32-1401] No candidate cells found for Shift Register optimization.
INFO: [Physopt 32-677] No candidate cells for Shift Register optimization found in the design
INFO: [Physopt 32-775] End 1 Pass. Optimized 0 net or cell. Created 0 new cell, deleted 0 existing cell and moved 0 existing cell
INFO: [Physopt 32-526] No candidate cells for BRAM register optimization found in the design
INFO: [Physopt 32-775] End 1 Pass. Optimized 0 net or cell. Created 0 new cell, deleted 0 existing cell and moved 0 existing cell
INFO: [Physopt 32-846] No candidate cells for URAM register optimization found in the design
INFO: [Physopt 32-775] End 1 Pass. Optimized 0 net or cell. Created 0 new cell, deleted 0 existing cell and moved 0 existing cell
INFO: [Physopt 32-846] No candidate cells for URAM register optimization found in the design
INFO: [Physopt 32-775] End 1 Pass. Optimized 0 net or cell. Created 0 new cell, deleted 0 existing cell and moved 0 existing cell
INFO: [Physopt 32-949] No candidate nets found for dynamic/static region interface net replication
INFO: [Physopt 32-775] End 1 Pass. Optimized 0 net or cell. Created 0 new cell, deleted 0 existing cell and moved 0 existing cell
Netlist sorting complete. Time (s): cpu = 00:00:00.01 ; elapsed = 00:00:00.01 . Memory (MB): peak = 4993.055 ; gain = 0.000 ; free physical = 972 ; free virtual = 10117

Summary of Physical Synthesis Optimizations
============================================


-----------------------------------------------------------------------------------------------------------------------------------------------------------
|  Optimization                                     |  Added Cells  |  Removed Cells  |  Optimized Cells/Nets  |  Dont Touch  |  Iterations  |  Elapsed   |
-----------------------------------------------------------------------------------------------------------------------------------------------------------
|  LUT Combining                                    |           12  |            251  |                   263  |           0  |           1  |  00:00:01  |
|  Retime                                           |            0  |              0  |                     0  |           0  |           1  |  00:00:00  |
|  Equivalent Driver Rewiring                       |            0  |              0  |                     7  |           0  |           1  |  00:00:01  |
|  Very High Fanout                                 |           14  |              0  |                     1  |           0  |           1  |  00:00:02  |
|  Fanout                                           |           47  |              0  |                    11  |           0  |           1  |  00:00:04  |
|  Critical Cell                                    |            0  |              0  |                     0  |           0  |           1  |  00:00:00  |
|  DSP Register                                     |          120  |              0  |                     8  |           0  |           1  |  00:00:03  |
|  Shift Register to Pipeline                       |            0  |              0  |                     0  |           0  |           1  |  00:00:00  |
|  Shift Register                                   |            0  |              0  |                     0  |           0  |           1  |  00:00:00  |
|  BRAM Register                                    |            0  |              0  |                     0  |           0  |           1  |  00:00:00  |
|  URAM Register                                    |            0  |              0  |                     0  |           0  |           1  |  00:00:00  |
|  Dynamic/Static Region Interface Net Replication  |            0  |              0  |                     0  |           0  |           1  |  00:00:00  |
|  Total                                            |          193  |            251  |                   290  |           0  |          12  |  00:00:11  |
-----------------------------------------------------------------------------------------------------------------------------------------------------------


Phase 2.4.2 Physical Synthesis In Placer | Checksum: 2674e24cf

Time (s): cpu = 00:04:03 ; elapsed = 00:02:12 . Memory (MB): peak = 4993.055 ; gain = 397.023 ; free physical = 972 ; free virtual = 10116
Phase 2.4 Global Placement Core | Checksum: 1c14f32f9

Time (s): cpu = 00:04:30 ; elapsed = 00:02:23 . Memory (MB): peak = 4993.055 ; gain = 397.023 ; free physical = 971 ; free virtual = 10115
Phase 2 Global Placement | Checksum: 1c14f32f9

Time (s): cpu = 00:04:30 ; elapsed = 00:02:23 . Memory (MB): peak = 4993.055 ; gain = 397.023 ; free physical = 970 ; free virtual = 10115

Phase 3 Detail Placement

Phase 3.1 Commit Multi Column Macros
Phase 3.1 Commit Multi Column Macros | Checksum: 1db9af9e8

Time (s): cpu = 00:04:56 ; elapsed = 00:02:33 . Memory (MB): peak = 5025.070 ; gain = 429.039 ; free physical = 968 ; free virtual = 10102

Phase 3.2 Commit Most Macros & LUTRAMs
Phase 3.2 Commit Most Macros & LUTRAMs | Checksum: 196f7ce70

Time (s): cpu = 00:05:05 ; elapsed = 00:02:39 . Memory (MB): peak = 5025.070 ; gain = 429.039 ; free physical = 970 ; free virtual = 10104

Phase 3.3 Small Shape DP

Phase 3.3.1 Small Shape Clustering
Phase 3.3.1 Small Shape Clustering | Checksum: 208c8d70d

Time (s): cpu = 00:05:46 ; elapsed = 00:02:58 . Memory (MB): peak = 5025.070 ; gain = 429.039 ; free physical = 990 ; free virtual = 10124

Phase 3.3.2 Slice Area Swap

Phase 3.3.2.1 Slice Area Swap Initial
Phase 3.3.2.1 Slice Area Swap Initial | Checksum: 208debc1c

Time (s): cpu = 00:05:48 ; elapsed = 00:03:00 . Memory (MB): peak = 5025.070 ; gain = 429.039 ; free physical = 989 ; free virtual = 10123
Phase 3.3.2 Slice Area Swap | Checksum: 208debc1c

Time (s): cpu = 00:05:49 ; elapsed = 00:03:00 . Memory (MB): peak = 5025.070 ; gain = 429.039 ; free physical = 989 ; free virtual = 10123
Phase 3.3 Small Shape DP | Checksum: 1f2005ab1

Time (s): cpu = 00:05:58 ; elapsed = 00:03:04 . Memory (MB): peak = 5025.070 ; gain = 429.039 ; free physical = 997 ; free virtual = 10131

Phase 3.4 Re-assign LUT pins
Phase 3.4 Re-assign LUT pins | Checksum: 1dab38b36

Time (s): cpu = 00:06:02 ; elapsed = 00:03:08 . Memory (MB): peak = 5025.070 ; gain = 429.039 ; free physical = 998 ; free virtual = 10132

Phase 3.5 Pipeline Register Optimization
Phase 3.5 Pipeline Register Optimization | Checksum: 1f743e6bd

Time (s): cpu = 00:06:03 ; elapsed = 00:03:09 . Memory (MB): peak = 5025.070 ; gain = 429.039 ; free physical = 997 ; free virtual = 10132

Phase 3.6 Fast Optimization
Phase 3.6 Fast Optimization | Checksum: 2149cdd37

Time (s): cpu = 00:06:36 ; elapsed = 00:03:25 . Memory (MB): peak = 5025.070 ; gain = 429.039 ; free physical = 997 ; free virtual = 10131
Phase 3 Detail Placement | Checksum: 2149cdd37

Time (s): cpu = 00:06:37 ; elapsed = 00:03:25 . Memory (MB): peak = 5025.070 ; gain = 429.039 ; free physical = 996 ; free virtual = 10131

Phase 4 Post Placement Optimization and Clean-Up

Phase 4.1 Post Commit Optimization
INFO: [Timing 38-35] Done setting XDC timing constraints.

Phase 4.1.1 Post Placement Optimization
Post Placement Optimization Initialization | Checksum: 222ce35e4

Phase 4.1.1.1 BUFG Insertion

Starting Physical Synthesis Task

Phase 1 Physical Synthesis Initialization
INFO: [Physopt 32-721] Multithreading enabled for phys_opt_design using a maximum of 4 CPUs
INFO: [Physopt 32-619] Estimated Timing Summary | WNS=-0.072 | TNS=-0.072 |
Phase 1 Physical Synthesis Initialization | Checksum: 12028fa4c

Time (s): cpu = 00:00:03 ; elapsed = 00:00:02 . Memory (MB): peak = 5025.070 ; gain = 0.000 ; free physical = 973 ; free virtual = 10107
INFO: [Place 46-56] BUFG insertion identified 0 candidate nets. Inserted BUFG: 0, Replicated BUFG Driver: 0, Skipped due to Placement/Routing Conflicts: 0, Skipped due to Timing Degradation: 0, Skipped due to netlist editing failed: 0.
Ending Physical Synthesis Task | Checksum: 260817ced

Time (s): cpu = 00:00:04 ; elapsed = 00:00:02 . Memory (MB): peak = 5025.070 ; gain = 0.000 ; free physical = 973 ; free virtual = 10107
Phase 4.1.1.1 BUFG Insertion | Checksum: 222ce35e4

Time (s): cpu = 00:07:47 ; elapsed = 00:04:01 . Memory (MB): peak = 5025.070 ; gain = 429.039 ; free physical = 973 ; free virtual = 10107

Phase 4.1.1.2 Post Placement Timing Optimization
INFO: [Place 30-746] Post Placement Timing Summary WNS=0.057. For the most accurate timing information please run report_timing.
Phase 4.1.1.2 Post Placement Timing Optimization | Checksum: 200514013

Time (s): cpu = 00:08:50 ; elapsed = 00:05:04 . Memory (MB): peak = 5025.070 ; gain = 429.039 ; free physical = 916 ; free virtual = 10088

Time (s): cpu = 00:08:50 ; elapsed = 00:05:04 . Memory (MB): peak = 5025.070 ; gain = 429.039 ; free physical = 916 ; free virtual = 10088
Phase 4.1 Post Commit Optimization | Checksum: 200514013

Time (s): cpu = 00:08:51 ; elapsed = 00:05:04 . Memory (MB): peak = 5025.070 ; gain = 429.039 ; free physical = 916 ; free virtual = 10088
Netlist sorting complete. Time (s): cpu = 00:00:00.01 ; elapsed = 00:00:00.01 . Memory (MB): peak = 5025.070 ; gain = 0.000 ; free physical = 883 ; free virtual = 10053

Phase 4.2 Post Placement Cleanup
Phase 4.2 Post Placement Cleanup | Checksum: 169248933

Time (s): cpu = 00:09:25 ; elapsed = 00:05:25 . Memory (MB): peak = 5025.070 ; gain = 429.039 ; free physical = 884 ; free virtual = 10054

Phase 4.3 Placer Reporting

Phase 4.3.1 Print Estimated Congestion
INFO: [Place 30-612] Post-Placement Estimated Congestion 
 ________________________________________________________________________
|           | Global Congestion | Long Congestion   | Short Congestion  |
| Direction | Region Size       | Region Size       | Region Size       |
|___________|___________________|___________________|___________________|
|      North|                1x1|                1x1|                4x4|
|___________|___________________|___________________|___________________|
|      South|                1x1|                1x1|                4x4|
|___________|___________________|___________________|___________________|
|       East|                1x1|                1x1|                4x4|
|___________|___________________|___________________|___________________|
|       West|                1x1|                1x1|                4x4|
|___________|___________________|___________________|___________________|

Phase 4.3.1 Print Estimated Congestion | Checksum: 169248933

Time (s): cpu = 00:09:26 ; elapsed = 00:05:25 . Memory (MB): peak = 5025.070 ; gain = 429.039 ; free physical = 884 ; free virtual = 10054
Phase 4.3 Placer Reporting | Checksum: 169248933

Time (s): cpu = 00:09:26 ; elapsed = 00:05:26 . Memory (MB): peak = 5025.070 ; gain = 429.039 ; free physical = 884 ; free virtual = 10054

Phase 4.4 Final Placement Cleanup
Netlist sorting complete. Time (s): cpu = 00:00:00.01 ; elapsed = 00:00:00.01 . Memory (MB): peak = 5025.070 ; gain = 0.000 ; free physical = 884 ; free virtual = 10054

Time (s): cpu = 00:09:26 ; elapsed = 00:05:26 . Memory (MB): peak = 5025.070 ; gain = 429.039 ; free physical = 884 ; free virtual = 10054
Phase 4 Post Placement Optimization and Clean-Up | Checksum: 21d3e4ab2

Time (s): cpu = 00:09:27 ; elapsed = 00:05:26 . Memory (MB): peak = 5025.070 ; gain = 429.039 ; free physical = 884 ; free virtual = 10054
Ending Placer Task | Checksum: 165daec79

Time (s): cpu = 00:09:27 ; elapsed = 00:05:26 . Memory (MB): peak = 5025.070 ; gain = 429.039 ; free physical = 885 ; free virtual = 10055
144 Infos, 115 Warnings, 0 Critical Warnings and 0 Errors encountered.
place_design completed successfully
place_design: Time (s): cpu = 00:09:45 ; elapsed = 00:05:35 . Memory (MB): peak = 5025.070 ; gain = 429.039 ; free physical = 885 ; free virtual = 10055
INFO: [Vivado 12-24838] Running report commands "report_control_sets, report_io, report_utilization" in parallel.
Running report generation with 3 threads.
INFO: [Vivado 12-24828] Executing command : report_io -file system_wrapper_io_placed.rpt
report_io: Time (s): cpu = 00:00:00.84 ; elapsed = 00:00:00.52 . Memory (MB): peak = 5036.051 ; gain = 0.000 ; free physical = 837 ; free virtual = 10007
INFO: [Vivado 12-24828] Executing command : report_control_sets -verbose -file system_wrapper_control_sets_placed.rpt
report_control_sets: Time (s): cpu = 00:00:00.96 ; elapsed = 00:00:00.62 . Memory (MB): peak = 5036.051 ; gain = 0.000 ; free physical = 844 ; free virtual = 10014
INFO: [Vivado 12-24828] Executing command : report_utilization -file system_wrapper_utilization_placed.rpt -pb system_wrapper_utilization_placed.pb
INFO: [Timing 38-480] Writing timing data to binary archive.
Write ShapeDB Complete: Time (s): cpu = 00:00:00.9 ; elapsed = 00:00:00.37 . Memory (MB): peak = 5044.055 ; gain = 8.004 ; free physical = 826 ; free virtual = 10004
Wrote PlaceDB: Time (s): cpu = 00:00:09 ; elapsed = 00:00:04 . Memory (MB): peak = 5044.055 ; gain = 8.004 ; free physical = 748 ; free virtual = 9955
Wrote PulsedLatchDB: Time (s): cpu = 00:00:00 ; elapsed = 00:00:00 . Memory (MB): peak = 5044.055 ; gain = 0.000 ; free physical = 748 ; free virtual = 9955
Writing XDEF routing.
Writing XDEF routing logical nets.
Writing XDEF routing special nets.
Wrote RouteStorage: Time (s): cpu = 00:00:00.38 ; elapsed = 00:00:00.19 . Memory (MB): peak = 5044.055 ; gain = 0.000 ; free physical = 748 ; free virtual = 9956
Wrote Netlist Cache: Time (s): cpu = 00:00:00.17 ; elapsed = 00:00:00.09 . Memory (MB): peak = 5044.055 ; gain = 0.000 ; free physical = 741 ; free virtual = 9950
Wrote Device Cache: Time (s): cpu = 00:00:00.13 ; elapsed = 00:00:00.07 . Memory (MB): peak = 5044.055 ; gain = 0.000 ; free physical = 741 ; free virtual = 9953
Write Physdb Complete: Time (s): cpu = 00:00:10 ; elapsed = 00:00:05 . Memory (MB): peak = 5044.055 ; gain = 8.004 ; free physical = 741 ; free virtual = 9953
INFO: [Common 17-1381] The checkpoint '/home/fabio/AltoNivel/DFS/src/vivado/dfs_system/dfs_system.runs/impl_1/system_wrapper_placed.dcp' has been generated.
write_checkpoint: Time (s): cpu = 00:00:20 ; elapsed = 00:00:11 . Memory (MB): peak = 5044.055 ; gain = 8.004 ; free physical = 778 ; free virtual = 9961
Command: phys_opt_design
Attempting to get a license for feature 'Implementation' and/or device 'xck26'
INFO: [Common 17-349] Got license for feature 'Implementation' and/or device 'xck26'

Starting Initial Update Timing Task

Time (s): cpu = 00:00:31 ; elapsed = 00:00:16 . Memory (MB): peak = 5044.055 ; gain = 0.000 ; free physical = 877 ; free virtual = 10052
INFO: [Vivado_Tcl 4-2279] Estimated Timing Summary | WNS= 0.062 | TNS= 0.000 | 
INFO: [Vivado_Tcl 4-383] Design worst setup slack (WNS) is greater than or equal to 0.000 ns. All physical synthesis setup optimizations will be skipped.
INFO: [Vivado_Tcl 4-232] No setup violation found. The netlist was not modified.
INFO: [Common 17-83] Releasing license: Implementation
155 Infos, 115 Warnings, 0 Critical Warnings and 0 Errors encountered.
phys_opt_design completed successfully
phys_opt_design: Time (s): cpu = 00:00:32 ; elapsed = 00:00:17 . Memory (MB): peak = 5044.055 ; gain = 0.000 ; free physical = 877 ; free virtual = 10052
INFO: [Timing 38-480] Writing timing data to binary archive.
Write ShapeDB Complete: Time (s): cpu = 00:00:00.78 ; elapsed = 00:00:00.32 . Memory (MB): peak = 5044.055 ; gain = 0.000 ; free physical = 873 ; free virtual = 10056
Wrote PlaceDB: Time (s): cpu = 00:00:10 ; elapsed = 00:00:06 . Memory (MB): peak = 5044.055 ; gain = 0.000 ; free physical = 782 ; free virtual = 9993
Wrote PulsedLatchDB: Time (s): cpu = 00:00:00 ; elapsed = 00:00:00 . Memory (MB): peak = 5044.055 ; gain = 0.000 ; free physical = 782 ; free virtual = 9993
Writing XDEF routing.
Writing XDEF routing logical nets.
Writing XDEF routing special nets.
Wrote RouteStorage: Time (s): cpu = 00:00:00.28 ; elapsed = 00:00:00.29 . Memory (MB): peak = 5044.055 ; gain = 0.000 ; free physical = 782 ; free virtual = 9994
Wrote Netlist Cache: Time (s): cpu = 00:00:00.11 ; elapsed = 00:00:00.11 . Memory (MB): peak = 5044.055 ; gain = 0.000 ; free physical = 774 ; free virtual = 9988
Wrote Device Cache: Time (s): cpu = 00:00:00.07 ; elapsed = 00:00:00.07 . Memory (MB): peak = 5044.055 ; gain = 0.000 ; free physical = 774 ; free virtual = 9991
Write Physdb Complete: Time (s): cpu = 00:00:11 ; elapsed = 00:00:06 . Memory (MB): peak = 5044.055 ; gain = 0.000 ; free physical = 774 ; free virtual = 9991
INFO: [Common 17-1381] The checkpoint '/home/fabio/AltoNivel/DFS/src/vivado/dfs_system/dfs_system.runs/impl_1/system_wrapper_physopt.dcp' has been generated.
write_checkpoint: Time (s): cpu = 00:00:13 ; elapsed = 00:00:09 . Memory (MB): peak = 5044.055 ; gain = 0.000 ; free physical = 760 ; free virtual = 9947
Command: route_design
Attempting to get a license for feature 'Implementation' and/or device 'xck26'
INFO: [Common 17-349] Got license for feature 'Implementation' and/or device 'xck26'
Running DRC as a precondition to command route_design
INFO: [DRC 23-27] Running DRC with 4 threads
INFO: [Vivado_Tcl 4-198] DRC finished with 0 Errors
INFO: [Vivado_Tcl 4-199] Please refer to the DRC report (report_drc) for more information.


Starting Routing Task
INFO: [Route 35-254] Multithreading enabled for route_design using a maximum of 4 CPUs

Phase 1 Build RT Design
Checksum: PlaceDB: 5e017d47 ConstDB: 0 ShapeSum: d8ee9fc6 RouteDB: 2eeacf6c
Nodegraph reading from file.  Time (s): cpu = 00:00:02 ; elapsed = 00:00:02 . Memory (MB): peak = 5044.055 ; gain = 0.000 ; free physical = 861 ; free virtual = 10043
Post Restoration Checksum: NetGraph: 5792f19e | NumContArr: bfdff8e9 | Constraints: b0b59e9e | Timing: c2a8fa9d
Phase 1 Build RT Design | Checksum: 28ad183c2

Time (s): cpu = 00:00:34 ; elapsed = 00:00:14 . Memory (MB): peak = 5044.055 ; gain = 0.000 ; free physical = 875 ; free virtual = 10057

Phase 2 Router Initialization

Phase 2.1 Fix Topology Constraints
Phase 2.1 Fix Topology Constraints | Checksum: 28ad183c2

Time (s): cpu = 00:00:35 ; elapsed = 00:00:14 . Memory (MB): peak = 5044.055 ; gain = 0.000 ; free physical = 875 ; free virtual = 10057

Phase 2.2 Pre Route Cleanup
Phase 2.2 Pre Route Cleanup | Checksum: 28ad183c2

Time (s): cpu = 00:00:35 ; elapsed = 00:00:14 . Memory (MB): peak = 5044.055 ; gain = 0.000 ; free physical = 875 ; free virtual = 10057

Phase 2.3 Global Clock Net Routing
 Number of Nodes with overlaps = 0
Phase 2.3 Global Clock Net Routing | Checksum: 2668964e3

Time (s): cpu = 00:00:38 ; elapsed = 00:00:16 . Memory (MB): peak = 5044.055 ; gain = 0.000 ; free physical = 881 ; free virtual = 10063

Phase 2.4 Update Timing
Phase 2.4 Update Timing | Checksum: 23833ed6e

Time (s): cpu = 00:00:52 ; elapsed = 00:00:22 . Memory (MB): peak = 5044.055 ; gain = 0.000 ; free physical = 881 ; free virtual = 10064
INFO: [Route 35-416] Intermediate Timing Summary | WNS=0.210  | TNS=0.000  | WHS=-0.086 | THS=-170.966|


Router Utilization Summary
  Global Vertical Routing Utilization    = 0 %
  Global Horizontal Routing Utilization  = 0 %
  Routable Net Status*
  *Does not include unroutable nets such as driverless and loadless.
  Run report_route_status for detailed report.
  Number of Failed Nets               = 22484
    (Failed Nets is the sum of unrouted and partially routed nets)
  Number of Unrouted Nets             = 18338
  Number of Partially Routed Nets     = 4146
  Number of Node Overlaps             = 0

Phase 2 Router Initialization | Checksum: 2727720a9

Time (s): cpu = 00:01:15 ; elapsed = 00:00:33 . Memory (MB): peak = 5044.055 ; gain = 0.000 ; free physical = 882 ; free virtual = 10065

Phase 3 Global Routing
Phase 3 Global Routing | Checksum: 2727720a9

Time (s): cpu = 00:01:15 ; elapsed = 00:00:33 . Memory (MB): peak = 5044.055 ; gain = 0.000 ; free physical = 882 ; free virtual = 10065

Phase 4 Initial Routing

Phase 4.1 Initial Net Routing Pass
Phase 4.1 Initial Net Routing Pass | Checksum: 267f88421

Time (s): cpu = 00:01:46 ; elapsed = 00:00:48 . Memory (MB): peak = 5044.055 ; gain = 0.000 ; free physical = 871 ; free virtual = 10068
Phase 4 Initial Routing | Checksum: 26c01f678

Time (s): cpu = 00:01:47 ; elapsed = 00:00:48 . Memory (MB): peak = 5044.055 ; gain = 0.000 ; free physical = 871 ; free virtual = 10068

Phase 5 Rip-up And Reroute

Phase 5.1 Global Iteration 0
 Number of Nodes with overlaps = 4543
 Number of Nodes with overlaps = 441
 Number of Nodes with overlaps = 54
 Number of Nodes with overlaps = 21
 Number of Nodes with overlaps = 8
 Number of Nodes with overlaps = 6
 Number of Nodes with overlaps = 2
 Number of Nodes with overlaps = 1
 Number of Nodes with overlaps = 1
 Number of Nodes with overlaps = 1
 Number of Nodes with overlaps = 1
 Number of Nodes with overlaps = 1
 Number of Nodes with overlaps = 0
INFO: [Route 35-416] Intermediate Timing Summary | WNS=0.066  | TNS=0.000  | WHS=-0.036 | THS=-0.636 |

Phase 5.1 Global Iteration 0 | Checksum: 28b26871a

Time (s): cpu = 00:03:51 ; elapsed = 00:01:57 . Memory (MB): peak = 5044.055 ; gain = 0.000 ; free physical = 628 ; free virtual = 9799

Phase 5.2 Additional Iteration for Hold
Phase 5.2 Additional Iteration for Hold | Checksum: 29ce9fc2e

Time (s): cpu = 00:03:51 ; elapsed = 00:01:57 . Memory (MB): peak = 5044.055 ; gain = 0.000 ; free physical = 632 ; free virtual = 9803
Phase 5 Rip-up And Reroute | Checksum: 29ce9fc2e

Time (s): cpu = 00:03:51 ; elapsed = 00:01:57 . Memory (MB): peak = 5044.055 ; gain = 0.000 ; free physical = 632 ; free virtual = 9803

Phase 6 Delay and Skew Optimization

Phase 6.1 Delay CleanUp
INFO: [Route 35-416] Intermediate Timing Summary | WNS=0.066  | TNS=0.000  | WHS=0.010  | THS=0.000  |

INFO: [Route 35-416] Intermediate Timing Summary | WNS=0.066  | TNS=0.000  | WHS=0.010  | THS=0.000  |

Phase 6.1 Delay CleanUp | Checksum: 2e056b848

Time (s): cpu = 00:04:04 ; elapsed = 00:02:03 . Memory (MB): peak = 5044.055 ; gain = 0.000 ; free physical = 669 ; free virtual = 9840

Phase 6.2 Clock Skew Optimization
Phase 6.2 Clock Skew Optimization | Checksum: 2e056b848

Time (s): cpu = 00:04:05 ; elapsed = 00:02:03 . Memory (MB): peak = 5044.055 ; gain = 0.000 ; free physical = 669 ; free virtual = 9840
Phase 6 Delay and Skew Optimization | Checksum: 2e056b848

Time (s): cpu = 00:04:05 ; elapsed = 00:02:03 . Memory (MB): peak = 5044.055 ; gain = 0.000 ; free physical = 669 ; free virtual = 9840

Phase 7 Post Hold Fix

Phase 7.1 Hold Fix Iter
INFO: [Route 35-416] Intermediate Timing Summary | WNS=0.066  | TNS=0.000  | WHS=0.010  | THS=0.000  |

Phase 7.1 Hold Fix Iter | Checksum: 286b21d2d

Time (s): cpu = 00:04:16 ; elapsed = 00:02:08 . Memory (MB): peak = 5044.055 ; gain = 0.000 ; free physical = 687 ; free virtual = 9858
Phase 7 Post Hold Fix | Checksum: 286b21d2d

Time (s): cpu = 00:04:16 ; elapsed = 00:02:08 . Memory (MB): peak = 5044.055 ; gain = 0.000 ; free physical = 687 ; free virtual = 9858

Phase 8 Route finalize

Router Utilization Summary
  Global Vertical Routing Utilization    = 3.23924 %
  Global Horizontal Routing Utilization  = 3.1394 %
  Routable Net Status*
  *Does not include unroutable nets such as driverless and loadless.
  Run report_route_status for detailed report.
  Number of Failed Nets               = 0
    (Failed Nets is the sum of unrouted and partially routed nets)
  Number of Unrouted Nets             = 0
  Number of Partially Routed Nets     = 0
  Number of Node Overlaps             = 0

Phase 8 Route finalize | Checksum: 286b21d2d

Time (s): cpu = 00:04:17 ; elapsed = 00:02:09 . Memory (MB): peak = 5044.055 ; gain = 0.000 ; free physical = 689 ; free virtual = 9860

Phase 9 Verifying routed nets

 Verification completed successfully
Phase 9 Verifying routed nets | Checksum: 286b21d2d

Time (s): cpu = 00:04:18 ; elapsed = 00:02:09 . Memory (MB): peak = 5044.055 ; gain = 0.000 ; free physical = 689 ; free virtual = 9860

Phase 10 Depositing Routes
Phase 10 Depositing Routes | Checksum: 286b21d2d

Time (s): cpu = 00:04:24 ; elapsed = 00:02:14 . Memory (MB): peak = 5044.055 ; gain = 0.000 ; free physical = 697 ; free virtual = 9868

Phase 11 Resolve XTalk
Phase 11 Resolve XTalk | Checksum: 286b21d2d

Time (s): cpu = 00:04:24 ; elapsed = 00:02:14 . Memory (MB): peak = 5044.055 ; gain = 0.000 ; free physical = 697 ; free virtual = 9868

Phase 12 Post Process Routing
Phase 12 Post Process Routing | Checksum: 286b21d2d

Time (s): cpu = 00:04:25 ; elapsed = 00:02:14 . Memory (MB): peak = 5044.055 ; gain = 0.000 ; free physical = 698 ; free virtual = 9868

Phase 13 Post Router Timing
INFO: [Route 35-57] Estimated Timing Summary | WNS=0.066  | TNS=0.000  | WHS=0.010  | THS=0.000  |

INFO: [Route 35-327] The final timing numbers are based on the router estimated timing analysis. For a complete and accurate timing signoff, please run report_timing_summary.
Phase 13 Post Router Timing | Checksum: 286b21d2d

Time (s): cpu = 00:04:25 ; elapsed = 00:02:15 . Memory (MB): peak = 5044.055 ; gain = 0.000 ; free physical = 698 ; free virtual = 9868
Total Elapsed time in route_design: 134.5 secs

Phase 14 Post-Route Event Processing
Phase 14 Post-Route Event Processing | Checksum: 18df90ed4

Time (s): cpu = 00:04:25 ; elapsed = 00:02:15 . Memory (MB): peak = 5044.055 ; gain = 0.000 ; free physical = 698 ; free virtual = 9868
INFO: [Route 35-16] Router Completed Successfully
Ending Routing Task | Checksum: 18df90ed4

Time (s): cpu = 00:04:26 ; elapsed = 00:02:16 . Memory (MB): peak = 5044.055 ; gain = 0.000 ; free physical = 698 ; free virtual = 9869

Routing Is Done.
INFO: [Common 17-83] Releasing license: Implementation
171 Infos, 115 Warnings, 0 Critical Warnings and 0 Errors encountered.
route_design completed successfully
route_design: Time (s): cpu = 00:04:46 ; elapsed = 00:02:23 . Memory (MB): peak = 5044.055 ; gain = 0.000 ; free physical = 700 ; free virtual = 9871
INFO: [Vivado 12-24828] Executing command : report_drc -file system_wrapper_drc_routed.rpt -pb system_wrapper_drc_routed.pb -rpx system_wrapper_drc_routed.rpx
Command: report_drc -file system_wrapper_drc_routed.rpt -pb system_wrapper_drc_routed.pb -rpx system_wrapper_drc_routed.rpx
INFO: [IP_Flow 19-1839] IP Catalog is up to date.
INFO: [DRC 23-27] Running DRC with 4 threads
INFO: [Vivado_Tcl 2-168] The results of DRC are in file /home/fabio/AltoNivel/DFS/src/vivado/dfs_system/dfs_system.runs/impl_1/system_wrapper_drc_routed.rpt.
report_drc completed successfully
report_drc: Time (s): cpu = 00:00:41 ; elapsed = 00:00:17 . Memory (MB): peak = 5068.066 ; gain = 24.012 ; free physical = 792 ; free virtual = 9959
INFO: [Vivado 12-24828] Executing command : report_methodology -file system_wrapper_methodology_drc_routed.rpt -pb system_wrapper_methodology_drc_routed.pb -rpx system_wrapper_methodology_drc_routed.rpx
Command: report_methodology -file system_wrapper_methodology_drc_routed.rpt -pb system_wrapper_methodology_drc_routed.pb -rpx system_wrapper_methodology_drc_routed.rpx
INFO: [Timing 38-35] Done setting XDC timing constraints.
INFO: [DRC 23-133] Running Methodology with 4 threads
INFO: [Vivado_Tcl 2-1520] The results of Report Methodology are in file /home/fabio/AltoNivel/DFS/src/vivado/dfs_system/dfs_system.runs/impl_1/system_wrapper_methodology_drc_routed.rpt.
report_methodology completed successfully
report_methodology: Time (s): cpu = 00:00:42 ; elapsed = 00:00:16 . Memory (MB): peak = 5068.066 ; gain = 0.000 ; free physical = 815 ; free virtual = 9969
INFO: [Vivado 12-24828] Executing command : report_timing_summary -max_paths 10 -report_unconstrained -file system_wrapper_timing_summary_routed.rpt -pb system_wrapper_timing_summary_routed.pb -rpx system_wrapper_timing_summary_routed.rpx -warn_on_violation 
INFO: [Timing 38-35] Done setting XDC timing constraints.
INFO: [Timing 38-91] UpdateTimingParams: Speed grade: -2LV, Temperature grade: C, Delay Type: min_max.
INFO: [Timing 38-191] Multithreading enabled for timing update using a maximum of 4 CPUs
report_timing_summary: Time (s): cpu = 00:00:19 ; elapsed = 00:00:10 . Memory (MB): peak = 5068.066 ; gain = 0.000 ; free physical = 801 ; free virtual = 9951
INFO: [Vivado 12-24838] Running report commands "report_bus_skew, report_incremental_reuse, report_route_status" in parallel.
Running report generation with 3 threads.
INFO: [Vivado 12-24828] Executing command : report_incremental_reuse -file system_wrapper_incremental_reuse_routed.rpt
INFO: [Vivado_Tcl 4-1062] Incremental flow is disabled. No incremental reuse Info to report.
INFO: [Vivado 12-24828] Executing command : report_bus_skew -warn_on_violation -file system_wrapper_bus_skew_routed.rpt -pb system_wrapper_bus_skew_routed.pb -rpx system_wrapper_bus_skew_routed.rpx
INFO: [Timing 38-91] UpdateTimingParams: Speed grade: -2LV, Temperature grade: C, Delay Type: min_max.
INFO: [Timing 38-191] Multithreading enabled for timing update using a maximum of 4 CPUs
INFO: [Vivado 12-24828] Executing command : report_route_status -file system_wrapper_route_status.rpt -pb system_wrapper_route_status.pb
INFO: [Vivado 12-24828] Executing command : report_power -file system_wrapper_power_routed.rpt -pb system_wrapper_power_summary_routed.pb -rpx system_wrapper_power_routed.rpx
Command: report_power -file system_wrapper_power_routed.rpt -pb system_wrapper_power_summary_routed.pb -rpx system_wrapper_power_routed.rpx
Running Vector-less Activity Propagation...

Finished Running Vector-less Activity Propagation
191 Infos, 115 Warnings, 0 Critical Warnings and 0 Errors encountered.
report_power completed successfully
report_power: Time (s): cpu = 00:00:42 ; elapsed = 00:00:35 . Memory (MB): peak = 5068.066 ; gain = 0.000 ; free physical = 484 ; free virtual = 9688
INFO: [Vivado 12-24828] Executing command : report_clock_utilization -file system_wrapper_clock_utilization_routed.rpt
WARNING: [Device 21-9320] Failed to find the Oracle tile group with name 'HSR_BOUNDARY_TOP'. This is required for Clock regions and Virtual grid.
WARNING: [Device 21-2174] Failed to initialize Virtual grid.
report_clock_utilization: Time (s): cpu = 00:00:14 ; elapsed = 00:00:15 . Memory (MB): peak = 5068.066 ; gain = 0.000 ; free physical = 359 ; free virtual = 9635
generate_parallel_reports: Time (s): cpu = 00:02:39 ; elapsed = 00:01:33 . Memory (MB): peak = 5068.066 ; gain = 24.012 ; free physical = 359 ; free virtual = 9635
INFO: [Timing 38-480] Writing timing data to binary archive.
Write ShapeDB Complete: Time (s): cpu = 00:00:00.85 ; elapsed = 00:00:00.35 . Memory (MB): peak = 5068.066 ; gain = 0.000 ; free physical = 349 ; free virtual = 9628
Wrote PlaceDB: Time (s): cpu = 00:00:09 ; elapsed = 00:00:04 . Memory (MB): peak = 5068.066 ; gain = 0.000 ; free physical = 371 ; free virtual = 9636
Wrote PulsedLatchDB: Time (s): cpu = 00:00:00 ; elapsed = 00:00:00 . Memory (MB): peak = 5068.066 ; gain = 0.000 ; free physical = 371 ; free virtual = 9636
Writing XDEF routing.
Writing XDEF routing logical nets.
Writing XDEF routing special nets.
Wrote RouteStorage: Time (s): cpu = 00:00:01 ; elapsed = 00:00:00.82 . Memory (MB): peak = 5068.066 ; gain = 0.000 ; free physical = 365 ; free virtual = 9635
Wrote Netlist Cache: Time (s): cpu = 00:00:00.16 ; elapsed = 00:00:00.1 . Memory (MB): peak = 5068.066 ; gain = 0.000 ; free physical = 365 ; free virtual = 9638
Wrote Device Cache: Time (s): cpu = 00:00:00.09 ; elapsed = 00:00:00.06 . Memory (MB): peak = 5068.066 ; gain = 0.000 ; free physical = 363 ; free virtual = 9639
Write Physdb Complete: Time (s): cpu = 00:00:10 ; elapsed = 00:00:05 . Memory (MB): peak = 5068.066 ; gain = 0.000 ; free physical = 363 ; free virtual = 9639
INFO: [Common 17-1381] The checkpoint '/home/fabio/AltoNivel/DFS/src/vivado/dfs_system/dfs_system.runs/impl_1/system_wrapper_routed.dcp' has been generated.
write_checkpoint: Time (s): cpu = 00:00:14 ; elapsed = 00:00:09 . Memory (MB): peak = 5068.066 ; gain = 0.000 ; free physical = 490 ; free virtual = 9737
INFO: [Common 17-206] Exiting Vivado at Sun Aug  2 22:34:24 2026...

*** Running vivado
    with args -log system_wrapper.vdi -applog -m64 -product Vivado -messageDb vivado.pb -mode batch -source system_wrapper.tcl -notrace


****** Vivado v2024.1 (64-bit)
  **** SW Build 5076996 on Wed May 22 18:36:09 MDT 2024
  **** IP Build 5075265 on Wed May 22 21:45:21 MDT 2024
  **** SharedData Build 5076995 on Wed May 22 18:29:18 MDT 2024
  **** Start of session at: Sun Aug  2 22:36:22 2026
    ** Copyright 1986-2022 Xilinx, Inc. All Rights Reserved.
    ** Copyright 2022-2024 Advanced Micro Devices, Inc. All Rights Reserved.

source system_wrapper.tcl -notrace
Command: open_checkpoint system_wrapper_routed.dcp
INFO: [Device 21-403] Loading part xck26-sfvc784-2LV-c
Netlist sorting complete. Time (s): cpu = 00:00:02 ; elapsed = 00:00:02 . Memory (MB): peak = 2335.316 ; gain = 0.000 ; free physical = 1458 ; free virtual = 10659
INFO: [Netlist 29-17] Analyzing 1376 Unisim elements for replacement
INFO: [Netlist 29-28] Unisim Transformation completed in 3 CPU seconds
INFO: [Project 1-479] Netlist was created with Vivado 2024.1
INFO: [Project 1-570] Preparing netlist for logic optimization
Read ShapeDB Complete: Time (s): cpu = 00:00:00.26 ; elapsed = 00:00:00.27 . Memory (MB): peak = 2436.410 ; gain = 8.250 ; free physical = 1373 ; free virtual = 10574
INFO: [Timing 38-478] Restoring timing data from binary archive.
INFO: [Timing 38-479] Binary timing data restore complete.
INFO: [Project 1-856] Restoring constraints from binary archive.
INFO: [Project 1-853] Binary constraint restore complete.
INFO: [Designutils 20-5722] Start Reading Physical Databases.
Reading placement.
Read Netlist Cache: Time (s): cpu = 00:00:00.09 ; elapsed = 00:00:00.09 . Memory (MB): peak = 2963.355 ; gain = 0.000 ; free physical = 1096 ; free virtual = 10292
Reading placer database...
Read Device Cache: Time (s): cpu = 00:00:00.11 ; elapsed = 00:00:00.11 . Memory (MB): peak = 2963.355 ; gain = 0.000 ; free physical = 1096 ; free virtual = 10292
Read PlaceDB: Time (s): cpu = 00:00:07 ; elapsed = 00:00:07 . Memory (MB): peak = 2974.215 ; gain = 10.859 ; free physical = 1029 ; free virtual = 10262
Read PulsedLatchDB: Time (s): cpu = 00:00:00 ; elapsed = 00:00:00 . Memory (MB): peak = 2974.215 ; gain = 0.000 ; free physical = 1029 ; free virtual = 10262
Reading routing.
Read RouteStorage: Time (s): cpu = 00:00:14 ; elapsed = 00:00:14 . Memory (MB): peak = 3416.027 ; gain = 441.812 ; free physical = 565 ; free virtual = 9792
Read Physdb Files: Time (s): cpu = 00:00:21 ; elapsed = 00:00:21 . Memory (MB): peak = 3416.027 ; gain = 452.672 ; free physical = 565 ; free virtual = 9792
Restored from archive | CPU: 21.530000 secs | Memory: 427.685158 MB |
Finished XDEF File Restore: Time (s): cpu = 00:00:21 ; elapsed = 00:00:21 . Memory (MB): peak = 3416.027 ; gain = 452.672 ; free physical = 565 ; free virtual = 9792
Netlist sorting complete. Time (s): cpu = 00:00:00 ; elapsed = 00:00:00.01 . Memory (MB): peak = 3416.027 ; gain = 0.000 ; free physical = 565 ; free virtual = 9792
INFO: [Project 1-111] Unisim Transformation Summary:
  A total of 692 instances were transformed.
  DSP48E2 => DSP48E2 (DSP_ALU, DSP_A_B_DATA, DSP_C_DATA, DSP_MULTIPLIER, DSP_M_DATA, DSP_OUTPUT, DSP_PREADD, DSP_PREADD_DATA): 50 instances
  RAM16X1D => RAM32X1D (RAMD32(x2)): 1 instance 
  RAM16X1S => RAM32X1S (RAMS32): 339 instances
  RAM256X1S => RAM256X1S (MUXF7(x2), MUXF8, RAMS64E(x4)): 205 instances
  RAM32M => RAM32M (RAMD32(x6), RAMS32(x2)): 1 instance 
  RAM32M16 => RAM32M16 (RAMD32(x14), RAMS32(x2)): 90 instances
  RAM32X1D => RAM32X1D (RAMD32(x2)): 6 instances

INFO: [Project 1-604] Checkpoint was created with Vivado v2024.1 (64-bit) build 5076996
open_checkpoint: Time (s): cpu = 00:02:00 ; elapsed = 00:02:00 . Memory (MB): peak = 3416.027 ; gain = 2075.207 ; free physical = 565 ; free virtual = 9792

WARNING::74 - Unsupported FPGA device name 'xck26-sfvc784-2LV-c'. Verify that the specified device is a valid customer supported device.
-p xck26-sfvc784-2LV-c
   ^


WARNING::74 - Unsupported FPGA device name 'xck26-sfvc784-2LV-c'. Verify that the specified device is a valid customer supported device.
-p xck26-sfvc784-2LV-c
   ^

INFO: [Memdata 28-167] Found XPM memory block system_i/smartconnect_data/inst/s02_nodes/s02_w_node/inst/inst_mi_handler/gen_normal_area.inst_fifo_node_payld/gen_xpm_memory_fifo.inst_fifo/gen_mem_rep[0].inst_xpm_memory/xpm_memory_base_inst with a P_MEMORY_PRIMITIVE property set to distributed. A value of block is required. You will not be able to use the updatemem program to update the bitstream with new data for the system_i/smartconnect_data/inst/s02_nodes/s02_w_node/inst/inst_mi_handler/gen_normal_area.inst_fifo_node_payld/gen_xpm_memory_fifo.inst_fifo/gen_mem_rep[0].inst_xpm_memory/xpm_memory_base_inst block.
INFO: [Memdata 28-167] Found XPM memory block system_i/smartconnect_data/inst/s02_nodes/s02_w_node/inst/inst_mi_handler/gen_normal_area.gen_fifo_req.inst_fifo_req/gen_xpm_memory_fifo.inst_fifo/gen_mem_rep[0].inst_xpm_memory/xpm_memory_base_inst with a P_MEMORY_PRIMITIVE property set to distributed. A value of block is required. You will not be able to use the updatemem program to update the bitstream with new data for the system_i/smartconnect_data/inst/s02_nodes/s02_w_node/inst/inst_mi_handler/gen_normal_area.gen_fifo_req.inst_fifo_req/gen_xpm_memory_fifo.inst_fifo/gen_mem_rep[0].inst_xpm_memory/xpm_memory_base_inst block.
INFO: [Memdata 28-167] Found XPM memory block system_i/smartconnect_data/inst/s02_nodes/s02_aw_node/inst/inst_mi_handler/gen_normal_area.inst_fifo_node_payld/gen_xpm_memory_fifo.inst_fifo/gen_mem_rep[0].inst_xpm_memory/xpm_memory_base_inst with a P_MEMORY_PRIMITIVE property set to distributed. A value of block is required. You will not be able to use the updatemem program to update the bitstream with new data for the system_i/smartconnect_data/inst/s02_nodes/s02_aw_node/inst/inst_mi_handler/gen_normal_area.inst_fifo_node_payld/gen_xpm_memory_fifo.inst_fifo/gen_mem_rep[0].inst_xpm_memory/xpm_memory_base_inst block.
INFO: [Memdata 28-167] Found XPM memory block system_i/smartconnect_data/inst/s01_nodes/s01_r_node/inst/inst_mi_handler/gen_normal_area.inst_fifo_node_payld/gen_xpm_memory_fifo.inst_fifo/gen_mem_rep[0].inst_xpm_memory/xpm_memory_base_inst with a P_MEMORY_PRIMITIVE property set to distributed. A value of block is required. You will not be able to use the updatemem program to update the bitstream with new data for the system_i/smartconnect_data/inst/s01_nodes/s01_r_node/inst/inst_mi_handler/gen_normal_area.inst_fifo_node_payld/gen_xpm_memory_fifo.inst_fifo/gen_mem_rep[0].inst_xpm_memory/xpm_memory_base_inst block.
INFO: [Memdata 28-167] Found XPM memory block system_i/smartconnect_data/inst/s01_nodes/s01_ar_node/inst/inst_mi_handler/gen_normal_area.inst_fifo_node_payld/gen_xpm_memory_fifo.inst_fifo/gen_mem_rep[0].inst_xpm_memory/xpm_memory_base_inst with a P_MEMORY_PRIMITIVE property set to distributed. A value of block is required. You will not be able to use the updatemem program to update the bitstream with new data for the system_i/smartconnect_data/inst/s01_nodes/s01_ar_node/inst/inst_mi_handler/gen_normal_area.inst_fifo_node_payld/gen_xpm_memory_fifo.inst_fifo/gen_mem_rep[0].inst_xpm_memory/xpm_memory_base_inst block.
INFO: [Memdata 28-167] Found XPM memory block system_i/smartconnect_data/inst/s00_nodes/s00_r_node/inst/inst_mi_handler/gen_normal_area.inst_fifo_node_payld/gen_xpm_memory_fifo.inst_fifo/gen_mem_rep[0].inst_xpm_memory/xpm_memory_base_inst with a P_MEMORY_PRIMITIVE property set to distributed. A value of block is required. You will not be able to use the updatemem program to update the bitstream with new data for the system_i/smartconnect_data/inst/s00_nodes/s00_r_node/inst/inst_mi_handler/gen_normal_area.inst_fifo_node_payld/gen_xpm_memory_fifo.inst_fifo/gen_mem_rep[0].inst_xpm_memory/xpm_memory_base_inst block.
INFO: [Memdata 28-167] Found XPM memory block system_i/smartconnect_data/inst/s00_nodes/s00_ar_node/inst/inst_mi_handler/gen_normal_area.inst_fifo_node_payld/gen_xpm_memory_fifo.inst_fifo/gen_mem_rep[0].inst_xpm_memory/xpm_memory_base_inst with a P_MEMORY_PRIMITIVE property set to distributed. A value of block is required. You will not be able to use the updatemem program to update the bitstream with new data for the system_i/smartconnect_data/inst/s00_nodes/s00_ar_node/inst/inst_mi_handler/gen_normal_area.inst_fifo_node_payld/gen_xpm_memory_fifo.inst_fifo/gen_mem_rep[0].inst_xpm_memory/xpm_memory_base_inst block.
INFO: [Memdata 28-167] Found XPM memory block system_i/smartconnect_data/inst/m00_nodes/m00_w_node/inst/inst_si_handler/gen_si_handler.gen_request_fifos.gen_req_fifo[2].inst_req_fifo/gen_xpm_memory_fifo.inst_fifo/gen_mem_rep[0].inst_xpm_memory/xpm_memory_base_inst with a P_MEMORY_PRIMITIVE property set to distributed. A value of block is required. You will not be able to use the updatemem program to update the bitstream with new data for the system_i/smartconnect_data/inst/m00_nodes/m00_w_node/inst/inst_si_handler/gen_si_handler.gen_request_fifos.gen_req_fifo[2].inst_req_fifo/gen_xpm_memory_fifo.inst_fifo/gen_mem_rep[0].inst_xpm_memory/xpm_memory_base_inst block.
INFO: [Memdata 28-167] Found XPM memory block system_i/smartconnect_data/inst/m00_nodes/m00_w_node/inst/inst_mi_handler/gen_normal_area.inst_fifo_node_payld/gen_xpm_memory_fifo.inst_fifo/gen_mem_rep[0].inst_xpm_memory/xpm_memory_base_inst with a P_MEMORY_PRIMITIVE property set to distributed. A value of block is required. You will not be able to use the updatemem program to update the bitstream with new data for the system_i/smartconnect_data/inst/m00_nodes/m00_w_node/inst/inst_mi_handler/gen_normal_area.inst_fifo_node_payld/gen_xpm_memory_fifo.inst_fifo/gen_mem_rep[0].inst_xpm_memory/xpm_memory_base_inst block.
INFO: [Memdata 28-167] Found XPM memory block system_i/smartconnect_data/inst/m00_nodes/m00_r_node/inst/inst_mi_handler/gen_normal_area.inst_fifo_node_payld/gen_xpm_memory_fifo.inst_fifo/gen_mem_rep[0].inst_xpm_memory/xpm_memory_base_inst with a P_MEMORY_PRIMITIVE property set to distributed. A value of block is required. You will not be able to use the updatemem program to update the bitstream with new data for the system_i/smartconnect_data/inst/m00_nodes/m00_r_node/inst/inst_mi_handler/gen_normal_area.inst_fifo_node_payld/gen_xpm_memory_fifo.inst_fifo/gen_mem_rep[0].inst_xpm_memory/xpm_memory_base_inst block.
INFO: [Memdata 28-167] Found XPM memory block system_i/smartconnect_data/inst/m00_nodes/m00_r_node/inst/inst_mi_handler/gen_normal_area.gen_fifo_req.inst_fifo_req/gen_xpm_memory_fifo.inst_fifo/gen_mem_rep[0].inst_xpm_memory/xpm_memory_base_inst with a P_MEMORY_PRIMITIVE property set to distributed. A value of block is required. You will not be able to use the updatemem program to update the bitstream with new data for the system_i/smartconnect_data/inst/m00_nodes/m00_r_node/inst/inst_mi_handler/gen_normal_area.gen_fifo_req.inst_fifo_req/gen_xpm_memory_fifo.inst_fifo/gen_mem_rep[0].inst_xpm_memory/xpm_memory_base_inst block.
INFO: [Memdata 28-167] Found XPM memory block system_i/smartconnect_data/inst/m00_nodes/m00_b_node/inst/inst_mi_handler/gen_normal_area.gen_fifo_req.inst_fifo_req/gen_xpm_memory_fifo.inst_fifo/gen_mem_rep[0].inst_xpm_memory/xpm_memory_base_inst with a P_MEMORY_PRIMITIVE property set to distributed. A value of block is required. You will not be able to use the updatemem program to update the bitstream with new data for the system_i/smartconnect_data/inst/m00_nodes/m00_b_node/inst/inst_mi_handler/gen_normal_area.gen_fifo_req.inst_fifo_req/gen_xpm_memory_fifo.inst_fifo/gen_mem_rep[0].inst_xpm_memory/xpm_memory_base_inst block.
INFO: [Memdata 28-167] Found XPM memory block system_i/smartconnect_data/inst/m00_nodes/m00_aw_node/inst/inst_mi_handler/gen_normal_area.inst_fifo_node_payld/gen_xpm_memory_fifo.inst_fifo/gen_mem_rep[0].inst_xpm_memory/xpm_memory_base_inst with a P_MEMORY_PRIMITIVE property set to distributed. A value of block is required. You will not be able to use the updatemem program to update the bitstream with new data for the system_i/smartconnect_data/inst/m00_nodes/m00_aw_node/inst/inst_mi_handler/gen_normal_area.inst_fifo_node_payld/gen_xpm_memory_fifo.inst_fifo/gen_mem_rep[0].inst_xpm_memory/xpm_memory_base_inst block.
INFO: [Memdata 28-167] Found XPM memory block system_i/smartconnect_data/inst/m00_nodes/m00_ar_node/inst/inst_mi_handler/gen_normal_area.inst_fifo_node_payld/gen_xpm_memory_fifo.inst_fifo/gen_mem_rep[0].inst_xpm_memory/xpm_memory_base_inst with a P_MEMORY_PRIMITIVE property set to distributed. A value of block is required. You will not be able to use the updatemem program to update the bitstream with new data for the system_i/smartconnect_data/inst/m00_nodes/m00_ar_node/inst/inst_mi_handler/gen_normal_area.inst_fifo_node_payld/gen_xpm_memory_fifo.inst_fifo/gen_mem_rep[0].inst_xpm_memory/xpm_memory_base_inst block.

WARNING::74 - Unsupported FPGA device name 'xck26-sfvc784-2LV-c'. Verify that the specified device is a valid customer supported device.
-p xck26-sfvc784-2LV-c
   ^

Command: write_bitstream -force system_wrapper.bit
Attempting to get a license for feature 'Implementation' and/or device 'xck26'
INFO: [Common 17-349] Got license for feature 'Implementation' and/or device 'xck26'
Running DRC as a precondition to command write_bitstream
INFO: [IP_Flow 19-234] Refreshing IP repositories
INFO: [IP_Flow 19-1704] No user IP repositories specified
INFO: [IP_Flow 19-2313] Loaded Vivado IP repository '/tools/Xilinx/Vivado/2024.1/data/ip'.
WARNING: [Device 21-9073] RSS factor Speedmodel not found for intent code NODE_GLOBAL_VDISTR
WARNING: [Device 21-9073] RSS factor Speedmodel not found for intent code NODE_GLOBAL_VROUTE
WARNING: [Device 21-9073] RSS factor Speedmodel not found for intent code NODE_GLOBAL_HDISTR
WARNING: [Device 21-9073] RSS factor Speedmodel not found for intent code NODE_GLOBAL_HROUTE
WARNING: [Device 21-9073] RSS factor Speedmodel not found for intent code NODE_GLOBAL_BUFG
WARNING: [Device 21-9073] RSS factor Speedmodel not found for intent code NODE_GLOBAL_LEAF
INFO: [DRC 23-27] Running DRC with 4 threads
WARNING: [DRC DPIP-2] Input pipelining: DSP system_i/dfs_accel_0/inst/grp_p_anonymous_namespace_flood_fu_534/grp_p_anonymous_namespace_flood_Pipeline_VITIS_LOOP_156_1_VITIS_LOOP_157_2_fu_98/i_fu_287_p2 input system_i/dfs_accel_0/inst/grp_p_anonymous_namespace_flood_fu_534/grp_p_anonymous_namespace_flood_Pipeline_VITIS_LOOP_156_1_VITIS_LOOP_157_2_fu_98/i_fu_287_p2/C[47:0] is not pipelined. Pipelining DSP48 input will improve performance.
WARNING: [DRC DPIP-2] Input pipelining: DSP system_i/dfs_accel_0/inst/mul_32s_32s_32_1_1_U531/tmp_product input system_i/dfs_accel_0/inst/mul_32s_32s_32_1_1_U531/tmp_product/A[29:0] is not pipelined. Pipelining DSP48 input will improve performance.
WARNING: [DRC DPIP-2] Input pipelining: DSP system_i/dfs_accel_0/inst/mul_32s_32s_32_1_1_U531/tmp_product input system_i/dfs_accel_0/inst/mul_32s_32s_32_1_1_U531/tmp_product/B[17:0] is not pipelined. Pipelining DSP48 input will improve performance.
WARNING: [DRC DPIP-2] Input pipelining: DSP system_i/dfs_accel_0/inst/mul_32s_32s_32_1_1_U531/tmp_product__0 input system_i/dfs_accel_0/inst/mul_32s_32s_32_1_1_U531/tmp_product__0/A[29:0] is not pipelined. Pipelining DSP48 input will improve performance.
WARNING: [DRC DPIP-2] Input pipelining: DSP system_i/dfs_accel_0/inst/mul_32s_32s_32_1_1_U531/tmp_product__0 input system_i/dfs_accel_0/inst/mul_32s_32s_32_1_1_U531/tmp_product__0/B[17:0] is not pipelined. Pipelining DSP48 input will improve performance.
WARNING: [DRC DPIP-2] Input pipelining: DSP system_i/dfs_accel_0/inst/reg_918_reg input system_i/dfs_accel_0/inst/reg_918_reg/B[17:0] is not pipelined. Pipelining DSP48 input will improve performance.
WARNING: [DRC DPOP-3] PREG Output pipelining: DSP system_i/dfs_accel_0/inst/grp_p_anonymous_namespace_flood_fu_534/mul_32ns_32ns_64_1_1_U75/tmp_product output system_i/dfs_accel_0/inst/grp_p_anonymous_namespace_flood_fu_534/mul_32ns_32ns_64_1_1_U75/tmp_product/P[47:0] is not pipelined (PREG=0). Pipelining the DSP48 output will improve performance and often saves power so it is suggested whenever possible to fully pipeline this function.  If this DSP48 function was inferred, it is suggested to describe an additional register stage after this function.  If the DSP48 was instantiated in the design, it is suggested to set the PREG attribute to 1.
WARNING: [DRC DPOP-3] PREG Output pipelining: DSP system_i/dfs_accel_0/inst/grp_p_anonymous_namespace_flood_fu_534/mul_32ns_32ns_64_1_1_U75/tmp_product__0 output system_i/dfs_accel_0/inst/grp_p_anonymous_namespace_flood_fu_534/mul_32ns_32ns_64_1_1_U75/tmp_product__0/P[47:0] is not pipelined (PREG=0). Pipelining the DSP48 output will improve performance and often saves power so it is suggested whenever possible to fully pipeline this function.  If this DSP48 function was inferred, it is suggested to describe an additional register stage after this function.  If the DSP48 was instantiated in the design, it is suggested to set the PREG attribute to 1.
WARNING: [DRC DPOP-3] PREG Output pipelining: DSP system_i/dfs_accel_0/inst/grp_p_anonymous_namespace_flood_fu_534/mul_32s_32s_32_1_1_U76/tmp_product output system_i/dfs_accel_0/inst/grp_p_anonymous_namespace_flood_fu_534/mul_32s_32s_32_1_1_U76/tmp_product/P[47:0] is not pipelined (PREG=0). Pipelining the DSP48 output will improve performance and often saves power so it is suggested whenever possible to fully pipeline this function.  If this DSP48 function was inferred, it is suggested to describe an additional register stage after this function.  If the DSP48 was instantiated in the design, it is suggested to set the PREG attribute to 1.
WARNING: [DRC DPOP-3] PREG Output pipelining: DSP system_i/dfs_accel_0/inst/grp_p_anonymous_namespace_flood_fu_534/mul_32s_32s_32_1_1_U76/tmp_product__0 output system_i/dfs_accel_0/inst/grp_p_anonymous_namespace_flood_fu_534/mul_32s_32s_32_1_1_U76/tmp_product__0/P[47:0] is not pipelined (PREG=0). Pipelining the DSP48 output will improve performance and often saves power so it is suggested whenever possible to fully pipeline this function.  If this DSP48 function was inferred, it is suggested to describe an additional register stage after this function.  If the DSP48 was instantiated in the design, it is suggested to set the PREG attribute to 1.
WARNING: [DRC DPOP-3] PREG Output pipelining: DSP system_i/dfs_accel_0/inst/grp_p_anonymous_namespace_flood_fu_534/mul_i_i_reg_261_reg output system_i/dfs_accel_0/inst/grp_p_anonymous_namespace_flood_fu_534/mul_i_i_reg_261_reg/P[47:0] is not pipelined (PREG=0). Pipelining the DSP48 output will improve performance and often saves power so it is suggested whenever possible to fully pipeline this function.  If this DSP48 function was inferred, it is suggested to describe an additional register stage after this function.  If the DSP48 was instantiated in the design, it is suggested to set the PREG attribute to 1.
WARNING: [DRC DPOP-3] PREG Output pipelining: DSP system_i/dfs_accel_0/inst/grp_p_anonymous_namespace_run_longest_increasing_path_fu_586/mul_32s_32s_32_1_1_U124/tmp_product__0 output system_i/dfs_accel_0/inst/grp_p_anonymous_namespace_run_longest_increasing_path_fu_586/mul_32s_32s_32_1_1_U124/tmp_product__0/P[47:0] is not pipelined (PREG=0). Pipelining the DSP48 output will improve performance and often saves power so it is suggested whenever possible to fully pipeline this function.  If this DSP48 function was inferred, it is suggested to describe an additional register stage after this function.  If the DSP48 was instantiated in the design, it is suggested to set the PREG attribute to 1.
WARNING: [DRC DPOP-3] PREG Output pipelining: DSP system_i/dfs_accel_0/inst/grp_p_anonymous_namespace_run_number_of_islands_fu_865/i_fu_242_p2 output system_i/dfs_accel_0/inst/grp_p_anonymous_namespace_run_number_of_islands_fu_865/i_fu_242_p2/P[47:0] is not pipelined (PREG=0). Pipelining the DSP48 output will improve performance and often saves power so it is suggested whenever possible to fully pipeline this function.  If this DSP48 function was inferred, it is suggested to describe an additional register stage after this function.  If the DSP48 was instantiated in the design, it is suggested to set the PREG attribute to 1.
WARNING: [DRC DPOP-3] PREG Output pipelining: DSP system_i/dfs_accel_0/inst/grp_p_anonymous_namespace_run_number_of_islands_fu_865/mul_32s_32s_32_1_1_U518/tmp_product__0 output system_i/dfs_accel_0/inst/grp_p_anonymous_namespace_run_number_of_islands_fu_865/mul_32s_32s_32_1_1_U518/tmp_product__0/P[47:0] is not pipelined (PREG=0). Pipelining the DSP48 output will improve performance and often saves power so it is suggested whenever possible to fully pipeline this function.  If this DSP48 function was inferred, it is suggested to describe an additional register stage after this function.  If the DSP48 was instantiated in the design, it is suggested to set the PREG attribute to 1.
WARNING: [DRC DPOP-3] PREG Output pipelining: DSP system_i/dfs_accel_0/inst/grp_p_anonymous_namespace_run_unique_paths_iii_fu_823/mul_32ns_32ns_64_1_1_U482/tmp_product output system_i/dfs_accel_0/inst/grp_p_anonymous_namespace_run_unique_paths_iii_fu_823/mul_32ns_32ns_64_1_1_U482/tmp_product/P[47:0] is not pipelined (PREG=0). Pipelining the DSP48 output will improve performance and often saves power so it is suggested whenever possible to fully pipeline this function.  If this DSP48 function was inferred, it is suggested to describe an additional register stage after this function.  If the DSP48 was instantiated in the design, it is suggested to set the PREG attribute to 1.
WARNING: [DRC DPOP-3] PREG Output pipelining: DSP system_i/dfs_accel_0/inst/grp_p_anonymous_namespace_run_unique_paths_iii_fu_823/mul_32ns_32ns_64_1_1_U482/tmp_product__0 output system_i/dfs_accel_0/inst/grp_p_anonymous_namespace_run_unique_paths_iii_fu_823/mul_32ns_32ns_64_1_1_U482/tmp_product__0/P[47:0] is not pipelined (PREG=0). Pipelining the DSP48 output will improve performance and often saves power so it is suggested whenever possible to fully pipeline this function.  If this DSP48 function was inferred, it is suggested to describe an additional register stage after this function.  If the DSP48 was instantiated in the design, it is suggested to set the PREG attribute to 1.
WARNING: [DRC DPOP-3] PREG Output pipelining: DSP system_i/dfs_accel_0/inst/grp_p_anonymous_namespace_run_unique_paths_iii_fu_823/mul_32s_32s_32_1_1_U483/tmp_product output system_i/dfs_accel_0/inst/grp_p_anonymous_namespace_run_unique_paths_iii_fu_823/mul_32s_32s_32_1_1_U483/tmp_product/P[47:0] is not pipelined (PREG=0). Pipelining the DSP48 output will improve performance and often saves power so it is suggested whenever possible to fully pipeline this function.  If this DSP48 function was inferred, it is suggested to describe an additional register stage after this function.  If the DSP48 was instantiated in the design, it is suggested to set the PREG attribute to 1.
WARNING: [DRC DPOP-3] PREG Output pipelining: DSP system_i/dfs_accel_0/inst/grp_p_anonymous_namespace_run_unique_paths_iii_fu_823/mul_32s_32s_32_1_1_U483/tmp_product__0 output system_i/dfs_accel_0/inst/grp_p_anonymous_namespace_run_unique_paths_iii_fu_823/mul_32s_32s_32_1_1_U483/tmp_product__0/P[47:0] is not pipelined (PREG=0). Pipelining the DSP48 output will improve performance and often saves power so it is suggested whenever possible to fully pipeline this function.  If this DSP48 function was inferred, it is suggested to describe an additional register stage after this function.  If the DSP48 was instantiated in the design, it is suggested to set the PREG attribute to 1.
WARNING: [DRC DPOP-3] PREG Output pipelining: DSP system_i/dfs_accel_0/inst/grp_p_anonymous_namespace_run_unique_paths_iii_fu_823/mul_i_i_reg_379_reg output system_i/dfs_accel_0/inst/grp_p_anonymous_namespace_run_unique_paths_iii_fu_823/mul_i_i_reg_379_reg/P[47:0] is not pipelined (PREG=0). Pipelining the DSP48 output will improve performance and often saves power so it is suggested whenever possible to fully pipeline this function.  If this DSP48 function was inferred, it is suggested to describe an additional register stage after this function.  If the DSP48 was instantiated in the design, it is suggested to set the PREG attribute to 1.
WARNING: [DRC DPOP-3] PREG Output pipelining: DSP system_i/dfs_accel_0/inst/grp_p_anonymous_namespace_run_word_search_no_pruning_fu_627/mul_32s_32s_32_1_1_U214/tmp_product output system_i/dfs_accel_0/inst/grp_p_anonymous_namespace_run_word_search_no_pruning_fu_627/mul_32s_32s_32_1_1_U214/tmp_product/P[47:0] is not pipelined (PREG=0). Pipelining the DSP48 output will improve performance and often saves power so it is suggested whenever possible to fully pipeline this function.  If this DSP48 function was inferred, it is suggested to describe an additional register stage after this function.  If the DSP48 was instantiated in the design, it is suggested to set the PREG attribute to 1.
WARNING: [DRC DPOP-3] PREG Output pipelining: DSP system_i/dfs_accel_0/inst/grp_p_anonymous_namespace_run_word_search_no_pruning_fu_627/mul_32s_32s_32_1_1_U214/tmp_product__0 output system_i/dfs_accel_0/inst/grp_p_anonymous_namespace_run_word_search_no_pruning_fu_627/mul_32s_32s_32_1_1_U214/tmp_product__0/P[47:0] is not pipelined (PREG=0). Pipelining the DSP48 output will improve performance and often saves power so it is suggested whenever possible to fully pipeline this function.  If this DSP48 function was inferred, it is suggested to describe an additional register stage after this function.  If the DSP48 was instantiated in the design, it is suggested to set the PREG attribute to 1.
WARNING: [DRC DPOP-3] PREG Output pipelining: DSP system_i/dfs_accel_0/inst/grp_p_anonymous_namespace_run_word_search_no_pruning_fu_627/mul_i_i_reg_511_reg output system_i/dfs_accel_0/inst/grp_p_anonymous_namespace_run_word_search_no_pruning_fu_627/mul_i_i_reg_511_reg/P[47:0] is not pipelined (PREG=0). Pipelining the DSP48 output will improve performance and often saves power so it is suggested whenever possible to fully pipeline this function.  If this DSP48 function was inferred, it is suggested to describe an additional register stage after this function.  If the DSP48 was instantiated in the design, it is suggested to set the PREG attribute to 1.
WARNING: [DRC DPOP-3] PREG Output pipelining: DSP system_i/dfs_accel_0/inst/grp_p_anonymous_namespace_run_word_search_trie_fu_696/mul_32s_32s_32_1_1_U415/tmp_product output system_i/dfs_accel_0/inst/grp_p_anonymous_namespace_run_word_search_trie_fu_696/mul_32s_32s_32_1_1_U415/tmp_product/P[47:0] is not pipelined (PREG=0). Pipelining the DSP48 output will improve performance and often saves power so it is suggested whenever possible to fully pipeline this function.  If this DSP48 function was inferred, it is suggested to describe an additional register stage after this function.  If the DSP48 was instantiated in the design, it is suggested to set the PREG attribute to 1.
WARNING: [DRC DPOP-3] PREG Output pipelining: DSP system_i/dfs_accel_0/inst/grp_p_anonymous_namespace_run_word_search_trie_fu_696/mul_32s_32s_32_1_1_U415/tmp_product__0 output system_i/dfs_accel_0/inst/grp_p_anonymous_namespace_run_word_search_trie_fu_696/mul_32s_32s_32_1_1_U415/tmp_product__0/P[47:0] is not pipelined (PREG=0). Pipelining the DSP48 output will improve performance and often saves power so it is suggested whenever possible to fully pipeline this function.  If this DSP48 function was inferred, it is suggested to describe an additional register stage after this function.  If the DSP48 was instantiated in the design, it is suggested to set the PREG attribute to 1.
WARNING: [DRC DPOP-3] PREG Output pipelining: DSP system_i/dfs_accel_0/inst/grp_p_anonymous_namespace_run_word_search_trie_fu_696/mul_i_i_reg_939_reg output system_i/dfs_accel_0/inst/grp_p_anonymous_namespace_run_word_search_trie_fu_696/mul_i_i_reg_939_reg/P[47:0] is not pipelined (PREG=0). Pipelining the DSP48 output will improve performance and often saves power so it is suggested whenever possible to fully pipeline this function.  If this DSP48 function was inferred, it is suggested to describe an additional register stage after this function.  If the DSP48 was instantiated in the design, it is suggested to set the PREG attribute to 1.
WARNING: [DRC DPOP-3] PREG Output pipelining: DSP system_i/dfs_accel_0/inst/mul_32s_32s_32_1_1_U531/tmp_product__0 output system_i/dfs_accel_0/inst/mul_32s_32s_32_1_1_U531/tmp_product__0/P[47:0] is not pipelined (PREG=0). Pipelining the DSP48 output will improve performance and often saves power so it is suggested whenever possible to fully pipeline this function.  If this DSP48 function was inferred, it is suggested to describe an additional register stage after this function.  If the DSP48 was instantiated in the design, it is suggested to set the PREG attribute to 1.
WARNING: [DRC DPOP-4] MREG Output pipelining: DSP system_i/dfs_accel_0/inst/grp_p_anonymous_namespace_flood_fu_534/grp_p_anonymous_namespace_flood_Pipeline_VITIS_LOOP_156_1_VITIS_LOOP_157_2_fu_98/i_fu_287_p2 multiplier stage system_i/dfs_accel_0/inst/grp_p_anonymous_namespace_flood_fu_534/grp_p_anonymous_namespace_flood_Pipeline_VITIS_LOOP_156_1_VITIS_LOOP_157_2_fu_98/i_fu_287_p2/P[47:0] is not pipelined (MREG=0). Pipelining the multiplier function will improve performance and will save significant power so it is suggested whenever possible to fully pipeline this function.  If this multiplier was inferred, it is suggested to describe an additional register stage after this function.  If there is no registered adder/accumulator following the multiply function, two pipeline stages are suggested to allow both the MREG and PREG registers to be used.  If the DSP48 was instantiated in the design, it is suggested to set both the MREG and PREG attributes to 1 when performing multiply functions.
WARNING: [DRC DPOP-4] MREG Output pipelining: DSP system_i/dfs_accel_0/inst/grp_p_anonymous_namespace_flood_fu_534/mul_32ns_32ns_64_1_1_U75/tmp_product multiplier stage system_i/dfs_accel_0/inst/grp_p_anonymous_namespace_flood_fu_534/mul_32ns_32ns_64_1_1_U75/tmp_product/P[47:0] is not pipelined (MREG=0). Pipelining the multiplier function will improve performance and will save significant power so it is suggested whenever possible to fully pipeline this function.  If this multiplier was inferred, it is suggested to describe an additional register stage after this function.  If there is no registered adder/accumulator following the multiply function, two pipeline stages are suggested to allow both the MREG and PREG registers to be used.  If the DSP48 was instantiated in the design, it is suggested to set both the MREG and PREG attributes to 1 when performing multiply functions.
WARNING: [DRC DPOP-4] MREG Output pipelining: DSP system_i/dfs_accel_0/inst/grp_p_anonymous_namespace_flood_fu_534/mul_32ns_32ns_64_1_1_U75/tmp_product__0 multiplier stage system_i/dfs_accel_0/inst/grp_p_anonymous_namespace_flood_fu_534/mul_32ns_32ns_64_1_1_U75/tmp_product__0/P[47:0] is not pipelined (MREG=0). Pipelining the multiplier function will improve performance and will save significant power so it is suggested whenever possible to fully pipeline this function.  If this multiplier was inferred, it is suggested to describe an additional register stage after this function.  If there is no registered adder/accumulator following the multiply function, two pipeline stages are suggested to allow both the MREG and PREG registers to be used.  If the DSP48 was instantiated in the design, it is suggested to set both the MREG and PREG attributes to 1 when performing multiply functions.
WARNING: [DRC DPOP-4] MREG Output pipelining: DSP system_i/dfs_accel_0/inst/grp_p_anonymous_namespace_flood_fu_534/mul_32s_32s_32_1_1_U76/tmp_product multiplier stage system_i/dfs_accel_0/inst/grp_p_anonymous_namespace_flood_fu_534/mul_32s_32s_32_1_1_U76/tmp_product/P[47:0] is not pipelined (MREG=0). Pipelining the multiplier function will improve performance and will save significant power so it is suggested whenever possible to fully pipeline this function.  If this multiplier was inferred, it is suggested to describe an additional register stage after this function.  If there is no registered adder/accumulator following the multiply function, two pipeline stages are suggested to allow both the MREG and PREG registers to be used.  If the DSP48 was instantiated in the design, it is suggested to set both the MREG and PREG attributes to 1 when performing multiply functions.
WARNING: [DRC DPOP-4] MREG Output pipelining: DSP system_i/dfs_accel_0/inst/grp_p_anonymous_namespace_flood_fu_534/mul_32s_32s_32_1_1_U76/tmp_product__0 multiplier stage system_i/dfs_accel_0/inst/grp_p_anonymous_namespace_flood_fu_534/mul_32s_32s_32_1_1_U76/tmp_product__0/P[47:0] is not pipelined (MREG=0). Pipelining the multiplier function will improve performance and will save significant power so it is suggested whenever possible to fully pipeline this function.  If this multiplier was inferred, it is suggested to describe an additional register stage after this function.  If there is no registered adder/accumulator following the multiply function, two pipeline stages are suggested to allow both the MREG and PREG registers to be used.  If the DSP48 was instantiated in the design, it is suggested to set both the MREG and PREG attributes to 1 when performing multiply functions.
WARNING: [DRC DPOP-4] MREG Output pipelining: DSP system_i/dfs_accel_0/inst/grp_p_anonymous_namespace_flood_fu_534/mul_i_i_reg_261_reg multiplier stage system_i/dfs_accel_0/inst/grp_p_anonymous_namespace_flood_fu_534/mul_i_i_reg_261_reg/P[47:0] is not pipelined (MREG=0). Pipelining the multiplier function will improve performance and will save significant power so it is suggested whenever possible to fully pipeline this function.  If this multiplier was inferred, it is suggested to describe an additional register stage after this function.  If there is no registered adder/accumulator following the multiply function, two pipeline stages are suggested to allow both the MREG and PREG registers to be used.  If the DSP48 was instantiated in the design, it is suggested to set both the MREG and PREG attributes to 1 when performing multiply functions.
WARNING: [DRC DPOP-4] MREG Output pipelining: DSP system_i/dfs_accel_0/inst/grp_p_anonymous_namespace_flood_fu_534/mul_ln155_reg_266_reg multiplier stage system_i/dfs_accel_0/inst/grp_p_anonymous_namespace_flood_fu_534/mul_ln155_reg_266_reg/P[47:0] is not pipelined (MREG=0). Pipelining the multiplier function will improve performance and will save significant power so it is suggested whenever possible to fully pipeline this function.  If this multiplier was inferred, it is suggested to describe an additional register stage after this function.  If there is no registered adder/accumulator following the multiply function, two pipeline stages are suggested to allow both the MREG and PREG registers to be used.  If the DSP48 was instantiated in the design, it is suggested to set both the MREG and PREG attributes to 1 when performing multiply functions.
WARNING: [DRC DPOP-4] MREG Output pipelining: DSP system_i/dfs_accel_0/inst/grp_p_anonymous_namespace_flood_fu_534/mul_ln155_reg_266_reg__0 multiplier stage system_i/dfs_accel_0/inst/grp_p_anonymous_namespace_flood_fu_534/mul_ln155_reg_266_reg__0/P[47:0] is not pipelined (MREG=0). Pipelining the multiplier function will improve performance and will save significant power so it is suggested whenever possible to fully pipeline this function.  If this multiplier was inferred, it is suggested to describe an additional register stage after this function.  If there is no registered adder/accumulator following the multiply function, two pipeline stages are suggested to allow both the MREG and PREG registers to be used.  If the DSP48 was instantiated in the design, it is suggested to set both the MREG and PREG attributes to 1 when performing multiply functions.
WARNING: [DRC DPOP-4] MREG Output pipelining: DSP system_i/dfs_accel_0/inst/grp_p_anonymous_namespace_run_longest_increasing_path_fu_586/mul_32s_32s_32_1_1_U124/tmp_product multiplier stage system_i/dfs_accel_0/inst/grp_p_anonymous_namespace_run_longest_increasing_path_fu_586/mul_32s_32s_32_1_1_U124/tmp_product/P[47:0] is not pipelined (MREG=0). Pipelining the multiplier function will improve performance and will save significant power so it is suggested whenever possible to fully pipeline this function.  If this multiplier was inferred, it is suggested to describe an additional register stage after this function.  If there is no registered adder/accumulator following the multiply function, two pipeline stages are suggested to allow both the MREG and PREG registers to be used.  If the DSP48 was instantiated in the design, it is suggested to set both the MREG and PREG attributes to 1 when performing multiply functions.
WARNING: [DRC DPOP-4] MREG Output pipelining: DSP system_i/dfs_accel_0/inst/grp_p_anonymous_namespace_run_longest_increasing_path_fu_586/mul_32s_32s_32_1_1_U124/tmp_product__0 multiplier stage system_i/dfs_accel_0/inst/grp_p_anonymous_namespace_run_longest_increasing_path_fu_586/mul_32s_32s_32_1_1_U124/tmp_product__0/P[47:0] is not pipelined (MREG=0). Pipelining the multiplier function will improve performance and will save significant power so it is suggested whenever possible to fully pipeline this function.  If this multiplier was inferred, it is suggested to describe an additional register stage after this function.  If there is no registered adder/accumulator following the multiply function, two pipeline stages are suggested to allow both the MREG and PREG registers to be used.  If the DSP48 was instantiated in the design, it is suggested to set both the MREG and PREG attributes to 1 when performing multiply functions.
WARNING: [DRC DPOP-4] MREG Output pipelining: DSP system_i/dfs_accel_0/inst/grp_p_anonymous_namespace_run_longest_increasing_path_fu_586/mul_i_reg_372_reg multiplier stage system_i/dfs_accel_0/inst/grp_p_anonymous_namespace_run_longest_increasing_path_fu_586/mul_i_reg_372_reg/P[47:0] is not pipelined (MREG=0). Pipelining the multiplier function will improve performance and will save significant power so it is suggested whenever possible to fully pipeline this function.  If this multiplier was inferred, it is suggested to describe an additional register stage after this function.  If there is no registered adder/accumulator following the multiply function, two pipeline stages are suggested to allow both the MREG and PREG registers to be used.  If the DSP48 was instantiated in the design, it is suggested to set both the MREG and PREG attributes to 1 when performing multiply functions.
WARNING: [DRC DPOP-4] MREG Output pipelining: DSP system_i/dfs_accel_0/inst/grp_p_anonymous_namespace_run_number_of_islands_fu_865/mul_32s_32s_32_1_1_U518/tmp_product multiplier stage system_i/dfs_accel_0/inst/grp_p_anonymous_namespace_run_number_of_islands_fu_865/mul_32s_32s_32_1_1_U518/tmp_product/P[47:0] is not pipelined (MREG=0). Pipelining the multiplier function will improve performance and will save significant power so it is suggested whenever possible to fully pipeline this function.  If this multiplier was inferred, it is suggested to describe an additional register stage after this function.  If there is no registered adder/accumulator following the multiply function, two pipeline stages are suggested to allow both the MREG and PREG registers to be used.  If the DSP48 was instantiated in the design, it is suggested to set both the MREG and PREG attributes to 1 when performing multiply functions.
WARNING: [DRC DPOP-4] MREG Output pipelining: DSP system_i/dfs_accel_0/inst/grp_p_anonymous_namespace_run_number_of_islands_fu_865/mul_32s_32s_32_1_1_U518/tmp_product__0 multiplier stage system_i/dfs_accel_0/inst/grp_p_anonymous_namespace_run_number_of_islands_fu_865/mul_32s_32s_32_1_1_U518/tmp_product__0/P[47:0] is not pipelined (MREG=0). Pipelining the multiplier function will improve performance and will save significant power so it is suggested whenever possible to fully pipeline this function.  If this multiplier was inferred, it is suggested to describe an additional register stage after this function.  If there is no registered adder/accumulator following the multiply function, two pipeline stages are suggested to allow both the MREG and PREG registers to be used.  If the DSP48 was instantiated in the design, it is suggested to set both the MREG and PREG attributes to 1 when performing multiply functions.
WARNING: [DRC DPOP-4] MREG Output pipelining: DSP system_i/dfs_accel_0/inst/grp_p_anonymous_namespace_run_number_of_islands_fu_865/mul_i_i_reg_377_reg multiplier stage system_i/dfs_accel_0/inst/grp_p_anonymous_namespace_run_number_of_islands_fu_865/mul_i_i_reg_377_reg/P[47:0] is not pipelined (MREG=0). Pipelining the multiplier function will improve performance and will save significant power so it is suggested whenever possible to fully pipeline this function.  If this multiplier was inferred, it is suggested to describe an additional register stage after this function.  If there is no registered adder/accumulator following the multiply function, two pipeline stages are suggested to allow both the MREG and PREG registers to be used.  If the DSP48 was instantiated in the design, it is suggested to set both the MREG and PREG attributes to 1 when performing multiply functions.
WARNING: [DRC DPOP-4] MREG Output pipelining: DSP system_i/dfs_accel_0/inst/grp_p_anonymous_namespace_run_unique_paths_iii_fu_823/mul_32ns_32ns_64_1_1_U482/tmp_product multiplier stage system_i/dfs_accel_0/inst/grp_p_anonymous_namespace_run_unique_paths_iii_fu_823/mul_32ns_32ns_64_1_1_U482/tmp_product/P[47:0] is not pipelined (MREG=0). Pipelining the multiplier function will improve performance and will save significant power so it is suggested whenever possible to fully pipeline this function.  If this multiplier was inferred, it is suggested to describe an additional register stage after this function.  If there is no registered adder/accumulator following the multiply function, two pipeline stages are suggested to allow both the MREG and PREG registers to be used.  If the DSP48 was instantiated in the design, it is suggested to set both the MREG and PREG attributes to 1 when performing multiply functions.
WARNING: [DRC DPOP-4] MREG Output pipelining: DSP system_i/dfs_accel_0/inst/grp_p_anonymous_namespace_run_unique_paths_iii_fu_823/mul_32ns_32ns_64_1_1_U482/tmp_product__0 multiplier stage system_i/dfs_accel_0/inst/grp_p_anonymous_namespace_run_unique_paths_iii_fu_823/mul_32ns_32ns_64_1_1_U482/tmp_product__0/P[47:0] is not pipelined (MREG=0). Pipelining the multiplier function will improve performance and will save significant power so it is suggested whenever possible to fully pipeline this function.  If this multiplier was inferred, it is suggested to describe an additional register stage after this function.  If there is no registered adder/accumulator following the multiply function, two pipeline stages are suggested to allow both the MREG and PREG registers to be used.  If the DSP48 was instantiated in the design, it is suggested to set both the MREG and PREG attributes to 1 when performing multiply functions.
WARNING: [DRC DPOP-4] MREG Output pipelining: DSP system_i/dfs_accel_0/inst/grp_p_anonymous_namespace_run_unique_paths_iii_fu_823/mul_32s_32s_32_1_1_U483/tmp_product multiplier stage system_i/dfs_accel_0/inst/grp_p_anonymous_namespace_run_unique_paths_iii_fu_823/mul_32s_32s_32_1_1_U483/tmp_product/P[47:0] is not pipelined (MREG=0). Pipelining the multiplier function will improve performance and will save significant power so it is suggested whenever possible to fully pipeline this function.  If this multiplier was inferred, it is suggested to describe an additional register stage after this function.  If there is no registered adder/accumulator following the multiply function, two pipeline stages are suggested to allow both the MREG and PREG registers to be used.  If the DSP48 was instantiated in the design, it is suggested to set both the MREG and PREG attributes to 1 when performing multiply functions.
WARNING: [DRC DPOP-4] MREG Output pipelining: DSP system_i/dfs_accel_0/inst/grp_p_anonymous_namespace_run_unique_paths_iii_fu_823/mul_32s_32s_32_1_1_U483/tmp_product__0 multiplier stage system_i/dfs_accel_0/inst/grp_p_anonymous_namespace_run_unique_paths_iii_fu_823/mul_32s_32s_32_1_1_U483/tmp_product__0/P[47:0] is not pipelined (MREG=0). Pipelining the multiplier function will improve performance and will save significant power so it is suggested whenever possible to fully pipeline this function.  If this multiplier was inferred, it is suggested to describe an additional register stage after this function.  If there is no registered adder/accumulator following the multiply function, two pipeline stages are suggested to allow both the MREG and PREG registers to be used.  If the DSP48 was instantiated in the design, it is suggested to set both the MREG and PREG attributes to 1 when performing multiply functions.
WARNING: [DRC DPOP-4] MREG Output pipelining: DSP system_i/dfs_accel_0/inst/grp_p_anonymous_namespace_run_unique_paths_iii_fu_823/mul_i_i_reg_379_reg multiplier stage system_i/dfs_accel_0/inst/grp_p_anonymous_namespace_run_unique_paths_iii_fu_823/mul_i_i_reg_379_reg/P[47:0] is not pipelined (MREG=0). Pipelining the multiplier function will improve performance and will save significant power so it is suggested whenever possible to fully pipeline this function.  If this multiplier was inferred, it is suggested to describe an additional register stage after this function.  If there is no registered adder/accumulator following the multiply function, two pipeline stages are suggested to allow both the MREG and PREG registers to be used.  If the DSP48 was instantiated in the design, it is suggested to set both the MREG and PREG attributes to 1 when performing multiply functions.
WARNING: [DRC DPOP-4] MREG Output pipelining: DSP system_i/dfs_accel_0/inst/grp_p_anonymous_namespace_run_unique_paths_iii_fu_823/mul_ln196_reg_384_reg multiplier stage system_i/dfs_accel_0/inst/grp_p_anonymous_namespace_run_unique_paths_iii_fu_823/mul_ln196_reg_384_reg/P[47:0] is not pipelined (MREG=0). Pipelining the multiplier function will improve performance and will save significant power so it is suggested whenever possible to fully pipeline this function.  If this multiplier was inferred, it is suggested to describe an additional register stage after this function.  If there is no registered adder/accumulator following the multiply function, two pipeline stages are suggested to allow both the MREG and PREG registers to be used.  If the DSP48 was instantiated in the design, it is suggested to set both the MREG and PREG attributes to 1 when performing multiply functions.
WARNING: [DRC DPOP-4] MREG Output pipelining: DSP system_i/dfs_accel_0/inst/grp_p_anonymous_namespace_run_unique_paths_iii_fu_823/mul_ln196_reg_384_reg__0 multiplier stage system_i/dfs_accel_0/inst/grp_p_anonymous_namespace_run_unique_paths_iii_fu_823/mul_ln196_reg_384_reg__0/P[47:0] is not pipelined (MREG=0). Pipelining the multiplier function will improve performance and will save significant power so it is suggested whenever possible to fully pipeline this function.  If this multiplier was inferred, it is suggested to describe an additional register stage after this function.  If there is no registered adder/accumulator following the multiply function, two pipeline stages are suggested to allow both the MREG and PREG registers to be used.  If the DSP48 was instantiated in the design, it is suggested to set both the MREG and PREG attributes to 1 when performing multiply functions.
WARNING: [DRC DPOP-4] MREG Output pipelining: DSP system_i/dfs_accel_0/inst/grp_p_anonymous_namespace_run_word_search_no_pruning_fu_627/mul_32s_32s_32_1_1_U214/tmp_product multiplier stage system_i/dfs_accel_0/inst/grp_p_anonymous_namespace_run_word_search_no_pruning_fu_627/mul_32s_32s_32_1_1_U214/tmp_product/P[47:0] is not pipelined (MREG=0). Pipelining the multiplier function will improve performance and will save significant power so it is suggested whenever possible to fully pipeline this function.  If this multiplier was inferred, it is suggested to describe an additional register stage after this function.  If there is no registered adder/accumulator following the multiply function, two pipeline stages are suggested to allow both the MREG and PREG registers to be used.  If the DSP48 was instantiated in the design, it is suggested to set both the MREG and PREG attributes to 1 when performing multiply functions.
WARNING: [DRC DPOP-4] MREG Output pipelining: DSP system_i/dfs_accel_0/inst/grp_p_anonymous_namespace_run_word_search_no_pruning_fu_627/mul_32s_32s_32_1_1_U214/tmp_product__0 multiplier stage system_i/dfs_accel_0/inst/grp_p_anonymous_namespace_run_word_search_no_pruning_fu_627/mul_32s_32s_32_1_1_U214/tmp_product__0/P[47:0] is not pipelined (MREG=0). Pipelining the multiplier function will improve performance and will save significant power so it is suggested whenever possible to fully pipeline this function.  If this multiplier was inferred, it is suggested to describe an additional register stage after this function.  If there is no registered adder/accumulator following the multiply function, two pipeline stages are suggested to allow both the MREG and PREG registers to be used.  If the DSP48 was instantiated in the design, it is suggested to set both the MREG and PREG attributes to 1 when performing multiply functions.
WARNING: [DRC DPOP-4] MREG Output pipelining: DSP system_i/dfs_accel_0/inst/grp_p_anonymous_namespace_run_word_search_no_pruning_fu_627/mul_i_i_reg_511_reg multiplier stage system_i/dfs_accel_0/inst/grp_p_anonymous_namespace_run_word_search_no_pruning_fu_627/mul_i_i_reg_511_reg/P[47:0] is not pipelined (MREG=0). Pipelining the multiplier function will improve performance and will save significant power so it is suggested whenever possible to fully pipeline this function.  If this multiplier was inferred, it is suggested to describe an additional register stage after this function.  If there is no registered adder/accumulator following the multiply function, two pipeline stages are suggested to allow both the MREG and PREG registers to be used.  If the DSP48 was instantiated in the design, it is suggested to set both the MREG and PREG attributes to 1 when performing multiply functions.
WARNING: [DRC DPOP-4] MREG Output pipelining: DSP system_i/dfs_accel_0/inst/grp_p_anonymous_namespace_run_word_search_trie_fu_696/mul_32s_32s_32_1_1_U415/tmp_product multiplier stage system_i/dfs_accel_0/inst/grp_p_anonymous_namespace_run_word_search_trie_fu_696/mul_32s_32s_32_1_1_U415/tmp_product/P[47:0] is not pipelined (MREG=0). Pipelining the multiplier function will improve performance and will save significant power so it is suggested whenever possible to fully pipeline this function.  If this multiplier was inferred, it is suggested to describe an additional register stage after this function.  If there is no registered adder/accumulator following the multiply function, two pipeline stages are suggested to allow both the MREG and PREG registers to be used.  If the DSP48 was instantiated in the design, it is suggested to set both the MREG and PREG attributes to 1 when performing multiply functions.
WARNING: [DRC DPOP-4] MREG Output pipelining: DSP system_i/dfs_accel_0/inst/grp_p_anonymous_namespace_run_word_search_trie_fu_696/mul_32s_32s_32_1_1_U415/tmp_product__0 multiplier stage system_i/dfs_accel_0/inst/grp_p_anonymous_namespace_run_word_search_trie_fu_696/mul_32s_32s_32_1_1_U415/tmp_product__0/P[47:0] is not pipelined (MREG=0). Pipelining the multiplier function will improve performance and will save significant power so it is suggested whenever possible to fully pipeline this function.  If this multiplier was inferred, it is suggested to describe an additional register stage after this function.  If there is no registered adder/accumulator following the multiply function, two pipeline stages are suggested to allow both the MREG and PREG registers to be used.  If the DSP48 was instantiated in the design, it is suggested to set both the MREG and PREG attributes to 1 when performing multiply functions.
WARNING: [DRC DPOP-4] MREG Output pipelining: DSP system_i/dfs_accel_0/inst/grp_p_anonymous_namespace_run_word_search_trie_fu_696/mul_i_i_reg_939_reg multiplier stage system_i/dfs_accel_0/inst/grp_p_anonymous_namespace_run_word_search_trie_fu_696/mul_i_i_reg_939_reg/P[47:0] is not pipelined (MREG=0). Pipelining the multiplier function will improve performance and will save significant power so it is suggested whenever possible to fully pipeline this function.  If this multiplier was inferred, it is suggested to describe an additional register stage after this function.  If there is no registered adder/accumulator following the multiply function, two pipeline stages are suggested to allow both the MREG and PREG registers to be used.  If the DSP48 was instantiated in the design, it is suggested to set both the MREG and PREG attributes to 1 when performing multiply functions.
WARNING: [DRC DPOP-4] MREG Output pipelining: DSP system_i/dfs_accel_0/inst/mul_32s_32s_32_1_1_U531/tmp_product multiplier stage system_i/dfs_accel_0/inst/mul_32s_32s_32_1_1_U531/tmp_product/P[47:0] is not pipelined (MREG=0). Pipelining the multiplier function will improve performance and will save significant power so it is suggested whenever possible to fully pipeline this function.  If this multiplier was inferred, it is suggested to describe an additional register stage after this function.  If there is no registered adder/accumulator following the multiply function, two pipeline stages are suggested to allow both the MREG and PREG registers to be used.  If the DSP48 was instantiated in the design, it is suggested to set both the MREG and PREG attributes to 1 when performing multiply functions.
WARNING: [DRC DPOP-4] MREG Output pipelining: DSP system_i/dfs_accel_0/inst/mul_32s_32s_32_1_1_U531/tmp_product__0 multiplier stage system_i/dfs_accel_0/inst/mul_32s_32s_32_1_1_U531/tmp_product__0/P[47:0] is not pipelined (MREG=0). Pipelining the multiplier function will improve performance and will save significant power so it is suggested whenever possible to fully pipeline this function.  If this multiplier was inferred, it is suggested to describe an additional register stage after this function.  If there is no registered adder/accumulator following the multiply function, two pipeline stages are suggested to allow both the MREG and PREG registers to be used.  If the DSP48 was instantiated in the design, it is suggested to set both the MREG and PREG attributes to 1 when performing multiply functions.
WARNING: [DRC DPOP-4] MREG Output pipelining: DSP system_i/dfs_accel_0/inst/reg_918_reg multiplier stage system_i/dfs_accel_0/inst/reg_918_reg/P[47:0] is not pipelined (MREG=0). Pipelining the multiplier function will improve performance and will save significant power so it is suggested whenever possible to fully pipeline this function.  If this multiplier was inferred, it is suggested to describe an additional register stage after this function.  If there is no registered adder/accumulator following the multiply function, two pipeline stages are suggested to allow both the MREG and PREG registers to be used.  If the DSP48 was instantiated in the design, it is suggested to set both the MREG and PREG attributes to 1 when performing multiply functions.
INFO: [Vivado 12-3199] DRC finished with 0 Errors, 56 Warnings
INFO: [Vivado 12-3200] Please refer to the DRC report (report_drc) for more information.
INFO: [Designutils 20-2272] Running write_bitstream with 4 threads.
Loading data files...
Loading site data...
Loading route data...
Processing options...
Creating bitmap...
Creating bitstream...
Writing bitstream ./system_wrapper.bit...
INFO: [Vivado 12-1842] Bitgen Completed Successfully.
INFO: [Project 1-1876] WebTalk data collection is mandatory when using a ULT device. To see the specific WebTalk data collected for your design, open the usage_statistics_webtalk.html or usage_statistics_webtalk.xml file in the implementation directory.
INFO: [Common 17-83] Releasing license: Implementation
37 Infos, 62 Warnings, 0 Critical Warnings and 0 Errors encountered.
write_bitstream completed successfully
write_bitstream: Time (s): cpu = 00:01:22 ; elapsed = 00:00:53 . Memory (MB): peak = 3819.535 ; gain = 403.508 ; free physical = 212 ; free virtual = 9275
INFO: [Common 17-206] Exiting Vivado at Sun Aug  2 22:39:23 2026...
[Sun Aug  2 22:39:24 2026] impl_1 finished
wait_on_runs: Time (s): cpu = 00:00:02 ; elapsed = 00:03:06 . Memory (MB): peak = 3750.461 ; gain = 0.000 ; free physical = 214 ; free virtual = 9275
# if {[get_property PROGRESS [get_runs impl_1]] ne "100%"} {
#     puts stderr "build_bitstream.tcl: impl_1 did not reach write_bitstream (status: [get_property STATUS [get_runs impl_1]])"
#     exit 1
# }
# set exports_dir [file join $project_dir "exports"]
# file mkdir $exports_dir
# set bit_src [file join $project_dir "$project_name.runs" "impl_1" "system_wrapper.bit"]
# set bit_path [file join $exports_dir "$project_name.bit"]
# file copy -force $bit_src $bit_path
# set hwh_src [file join $project_dir "$project_name.gen" "sources_1" "bd" "system" "hw_handoff" "system.hwh"]
# set hwh_path [file join $exports_dir "$project_name.hwh"]
# file copy -force $hwh_src $hwh_path
# set f [open $summary_path w]
# puts $f "dfs_system on-board bitstream (issue #67)"
# puts $f "Target: $actual_freq_mhz MHz (fixed, per #66's fmax_summary.txt margin note)"
# puts $f "Worst setup slack (WNS) at $actual_freq_mhz MHz: $wns ns"
# puts $f "Result: timing CLOSES at $actual_freq_mhz MHz -- bitstream written."
# puts $f ""
# puts $f "Outputs (local only, not versioned -- see .gitignore):"
# puts $f "  $bit_path"
# puts $f "  $hwh_path"
# puts $f "Full timing report: timing_summary_bitstream.rpt"
# close $f
# puts "build_bitstream.tcl OK: closes at $actual_freq_mhz MHz (WNS $wns ns)"
build_bitstream.tcl OK: closes at 200 MHz (WNS 0.084 ns)
# puts "build_bitstream.tcl: bitstream at $bit_path"
build_bitstream.tcl: bitstream at /home/fabio/AltoNivel/DFS/src/vivado/dfs_system/exports/dfs_system.bit
# puts "build_bitstream.tcl: summary written to $summary_path"
build_bitstream.tcl: summary written to /home/fabio/AltoNivel/DFS/src/vivado/reports/bitstream_summary.txt
# exit 0
INFO: [Common 17-206] Exiting Vivado at Sun Aug  2 22:39:24 2026...
